"","name","proportion_male"
"1","Aaron",0.996
"2","Ab",1
"3","Abdel",1
"4","Abdon",1
"5","Abdul",1
"6","Abe",1
"7","Abel",0.998
"8","ABEL",0.998
"9","abel",0.998
"10","Abelardo",1
"11","abelardo",1
"12","Abigail",0.0015
"13","Abner",1
"14","Abraham",0.9981
"15","Abril",0.001
"16","Abuk",0
"17","ac",1
"18","AC",1
"19","ACE",0.9982
"20","Ada",0.0033
"21","ada",0.0033
"22","Adam",0.9979
"23","Adama",0.3705
"24","Adan",0.9962
"25","Ade",0.9375
"26","ADE",0.9375
"27","Adela",0
"28","ADELA",0
"29","adelaida",0
"30","Adelina",0
"31","Adelita",0
"32","Adilson",1
"33","ADN",0
"34","Adna",0
"35","Adolfo",1
"36","adolfo",1
"37","Adonis",0.9974
"38","Adri",0.1297
"39","adri",0.1297
"40","Adria",0
"41","Adrian",0.9731
"42","adrian",0.9731
"43","Adriana",0.0014
"44","ADRIANA",0.0014
"45","Adriano",1
"46","Adriel",0.9374
"47","AEMON",1
"48","Aeris",0
"49","Afonso",1
"50","africa",0
"51","Africa",0
"52","Afrodita",0
"53","Agapito",1
"54","Agata",0
"55","Agueda",0
"56","Agustin",1
"57","agustin",1
"58","AGUSTIN",1
"59","agustina",0
"60","Agustina",0
"61","Ahmed",1
"62","Ai",0
"63","Aicha",0
"64","Aida",0
"65","Ailyn",0
"66","AIMEN",0.4279
"67","aina",0
"68","Aina",0
"69","Ainara",0
"70","Ainhoa",0
"71","AINHOA",0
"72","AISA",0.0234
"73","Aitana",0
"74","AITANA",0
"75","aitor",1
"76","Aitor",1
"77","AITOR",1
"78","AJ",0.9778
"79","AKELA",0
"80","Akira",0.1098
"81","Akram",1
"82","Al",1
"83","al",1
"84","AL",1
"85","ALA",0.1106
"86","alac",1
"87","Alaia",0
"88","Alain",1
"89","alain",1
"90","Alaina",0
"91","Alan",0.9967
"92","ALAN",0.9967
"93","Alana",5e-04
"94","Aland",1
"95","Alayn",1
"96","Alazne",0
"97","Alba",0
"98","alba",0
"99","Alber",1
"100","Albert",0.9994
"101","albert",0.9994
"102","ALBERT",0.9994
"103","Alberta",0
"104","Alberth",1
"105","Alberto",0.9987
"106","alberto",0.9987
"107","ALBERTO",0.9987
"108","albi",1
"109","albin",1
"110","aldo",1
"111","Ale",1
"112","ale",1
"113","Alea",0
"114","Alec",0.9959
"115","aleda",0
"116","Aleja",0
"117","Alejandra",0.0035
"118","Alejandro",0.9965
"119","ALEJANDRO",0.9965
"120","alejandro",0.9965
"121","Alejo",1
"122","Alekos",1
"123","alekos",1
"124","Aleksei",1
"125","Alen",1
"126","Alena",0
"127","Alessandra",0
"128","Alessandro",1
"129","Alessio",1
"130","alessio",1
"131","Alex",0.9644
"132","alex",0.9644
"133","Alexander",0.9967
"134","Alexandra",0.0022
"135","alexandra",0.0022
"136","alexandre",0.9971
"137","Alexandre",0.9971
"138","Alexandro",1
"139","Alexei",0.8872
"140","Alexey",0.9328
"141","Alexia",0.0013
"142","Alexis",0.1672
"143","alexis",0.1672
"144","Alezia",0
"145","Alfa",0.1806
"146","Alfonso",1
"147","alfonso",1
"148","ALFONSO",1
"149","Alfred",1
"150","Alfredo",1
"151","alfredo",1
"152","ALFREDO",1
"153","ALGERNON",1
"154","Ali",0.7303
"155","ALI",0.7303
"156","Alias",1
"157","Alice",3e-04
"158","Alicia",4e-04
"159","ALICIA",4e-04
"160","alicia",4e-04
"161","Alika",0.3882
"162","Alina",0
"163","Alison",0.0032
"164","Alistair",1
"165","Alita",0
"166","Alix",0.2492
"167","alix",0.2492
"168","Allan",1
"169","Allen",0.9957
"170","allen",0.9957
"171","Alma",0.0136
"172","alma",0.0136
"173","ALMA",0.0136
"174","Almudena",0
"175","almudena",0
"176","ALMUDENA",0
"177","Alonso",1
"178","alonso",1
"179","ALOYSIUS",1
"180","Alpha",0.886
"181","Alta",0
"182","Alter",1
"183","ALTER",1
"184","ALVARO",0.9988
"185","Alvaro",0.9988
"186","alvaro",0.9988
"187","Alverto",1
"188","Alvin",1
"189","Aly",0.2889
"190","Ama",0
"191","AMA",0
"192","Amadeo",1
"193","Amado",1
"194","amador",1
"195","Amador",1
"196","Amaia",0
"197","AMAIA",0
"198","AMALIA",0
"199","Amalia",0
"200","amalia",0
"201","Amalio",1
"202","Aman",0.9294
"203","Amanda",0.0016
"204","amanda",0.0016
"205","AMANDO",1
"206","Amando",1
"207","Amara",0.0171
"208","Amaro",1
"209","Amaya",3e-04
"210","Amayra",0
"211","Amazing",0
"212","Ambrosio",1
"213","Amelia",8e-04
"214","amelia",8e-04
"215","America",0
"216","Americo",1
"217","AMI",0.168
"218","Amilcar",1
"219","AMIN",1
"220","Amira",0
"221","Amor",0.2156
"222","amor",0.2156
"223","Amparo",0
"224","amparo",0
"225","an",0.3958
"226","Ana",0.0022
"227","ana",0.0022
"228","ANA",0.0022
"229","Anabel",0
"230","AnaE",0
"231","Anaida",0
"232","Anais",0.0052
"233","Analee",0
"234","Analia",0
"235","anamaria",0
"236","Ananda",0.0307
"237","Anant",1
"238","Anastasia",3e-04
"239","Anastasio",1
"240","Ande",0.1214
"241","Ander",1
"242","ANDER",1
"243","Andoni",1
"244","andoni",1
"245","ANDONI",1
"246","ANDRE",0.9968
"247","Andrea",0.0066
"248","andrea",0.0066
"249","Andrei",1
"250","Andres",0.9981
"251","andres",0.9981
"252","ANDRES",0.9981
"253","Andreu",1
"254","andreu",1
"255","AndrEu",1
"256","Andrew",0.9981
"257","Andrews",1
"258","Andy",0.9892
"259","Ane",0
"260","anel",0.2283
"261","Aneta",0
"262","ANG",1
"263","Ang",1
"264","Angel",0.7848
"265","angel",0.7848
"266","ANGEL",0.7848
"267","Angela",0.0021
"268","ANGELA",0.0021
"269","angela",0.0021
"270","Angeles",0.0252
"271","ANGELES",0.0252
"272","angeles",0.0252
"273","Angelica",9e-04
"274","ANGELINA",0.001
"275","Angelina",0.001
"276","Angelino",1
"277","Angelita",0
"278","Angelito",1
"279","angella",0
"280","Angelo",0.9977
"281","AngeLuis",1
"282","Angi",0
"283","Angie",4e-04
"284","Angus",1
"285","Angy",0
"286","Ani",0.0036
"287","Ania",0
"288","Anibal",1
"289","Anika",0
"290","Anita",0
"291","Anna",0.0014
"292","anna",0.0014
"293","ANNA",0.0014
"294","AnnA",0.0014
"295","Annabel",0
"296","Annaly",0
"297","Anne",0
"298","Annelie",0
"299","Annie",0
"300","Annita",0
"301","Anny",0
"302","Ansel",1
"303","Anselmo",1
"304","ANSELMO",1
"305","Anta",0
"306","Ante",1
"307","Anthony",0.998
"308","Antoine",1
"309","Antolin",1
"310","Anton",1
"311","anton",1
"312","AntoN",1
"313","ANTON",1
"314","Antonella",0
"315","Antoni",1
"316","ANTONI",1
"317","antoni",1
"318","Antonia",0.0226
"319","antonia",0.0226
"320","ANTONIA",0.0226
"321","Antonio",0.9978
"322","antonio",0.9978
"323","ANTONIO",0.9978
"324","Antony",1
"325","Antuan",1
"326","Apache",1
"327","apolo",1
"328","Apple",0
"329","Apsara",0
"330","Aquiles",1
"331","ARA",0.2445
"332","ara",0.2445
"333","Ara",0.2445
"334","Araceli",0
"335","Arafat",1
"336","Aragon",1
"337","Aragorn",1
"338","aran",1
"339","Aran",1
"340","aranda",0
"341","Arantxa",0
"342","arantxa",0
"343","arantza",0
"344","Arantza",0
"345","Aras",1
"346","Arcadio",1
"347","arcangel",1
"348","AREG",1
"349","Ares",0.9814
"350","Argel",1
"351","Argelia",0
"352","Ari",0.7967
"353","aria",0.0192
"354","Ariadna",0
"355","ariadna",0
"356","arias",0.8811
"357","Ariel",0.1986
"358","ariel",0.1986
"359","Aries",0.5882
"360","Aris",0.5472
"361","aristides",1
"362","Aritza",0
"363","Arjen",1
"364","Arman",1
"365","Armand",1
"366","armand",1
"367","Armando",0.9988
"368","armando",0.9988
"369","ArmandO",0.9988
"370","Armin",1
"371","Arminda",0
"372","Arnaldo",1
"373","arnold",1
"374","aro",1
"375","Aro",1
"376","Aron",0.9986
"377","Arriana",0
"378","Arrow",0.7798
"379","Arsenio",1
"380","Arslan",1
"381","Art",1
"382","ART",1
"383","Artemio",1
"384","Artemis",0.1961
"385","Artemisa",0
"386","Arthur",1
"387","Artur",1
"388","artur",1
"389","Arturo",0.9994
"390","ARTURO",0.9994
"391","arturo",0.9994
"392","Arwen",0
"393","Ary",0.72
"394","Arya",0.285
"395","Asante",0.8171
"396","aseret",0
"397","Aseret",0
"398","Asier",1
"399","asier",1
"400","Asis",1
"401","asis",1
"402","Aslan",0.8837
"403","Assaf",1
"404","Aster",0
"405","Aston",0.9651
"406","Astrid",0
"407","Asuncion",0.6494
"408","Ata",1
"409","Athenea",0
"410","Atilano",1
"411","atilano",1
"412","ATLANTIS",0.0432
"413","Atreyu",1
"414","Atticus",0.9956
"415","Audrey",0.0019
"416","August",0.8157
"417","Augusto",1
"418","AUGUSTO",1
"419","augusto",1
"420","Aurea",0
"421","aurelia",0
"422","AURELIA",0
"423","Aurelia",0
"424","Aureliano",1
"425","Aurelio",1
"426","aurelio",1
"427","Auri",0.0646
"428","auri",0.0646
"429","Auria",0
"430","Aurora",0
"431","aurora",0
"432","AURORA",0
"433","Aury",0
"434","Australia",0
"435","Austria",0
"436","AVA",0.0013
"437","Avalon",0.0032
"438","Ave",0
"439","avelino",1
"440","Avelino",1
"441","avi",0.8242
"442","Avi",0.8242
"443","Avila",0
"444","Avis",0.2033
"445","Axa",0
"446","AXEL",0.9956
"447","Axel",0.9956
"448","Aya",0
"449","Aye",0
"450","Ayelen",0
"451","AYLA",0
"452","Ayla",0
"453","Ayra",0
"454","Azalea",0
"455","Azrael",0.7917
"456","azucena",0
"457","Azucena",0
"458","Azul",0.0094
"459","azul",0.0094
"460","Baby",0.4971
"461","Balal",1
"462","Baldo",1
"463","Baldomero",1
"464","Baltasar",1
"465","Baptiste",1
"466","Bar",0.3507
"467","Barbara",0
"468","Bardo",1
"469","Baron",1
"470","Barry",1
"471","barry",1
"472","Bart",1
"473","bart",1
"474","Bartolo",1
"475","Bartolome",1
"476","bartolome",1
"477","Basil",0.9159
"478","Basilio",1
"479","Batu",1
"480","Bea",0
"481","Beatrice",0
"482","Beatriz",0
"483","beatriz",0
"484","Belem",0
"485","Belen",0.0051
"486","belen",0.0051
"487","Belinda",0
"488","Bella",8e-04
"489","Ben",1
"490","Bena",0
"491","Benedict",1
"492","Benedicto",1
"493","Benet",0.5894
"494","Beni",1
"495","Benigno",1
"496","benigno",1
"497","Benito",1
"498","benito",1
"499","Benjamin",0.9982
"500","Benji",1
"501","Beno",1
"502","Benson",1
"503","Beny",1
"504","ber",1
"505","Berenice",0
"506","Berlinda",0
"507","bernabe",1
"508","Bernabe",1
"509","Bernard",1
"510","Bernardino",1
"511","bernardo",1
"512","Bernardo",1
"513","BERNARDO",1
"514","Bernie",1
"515","Berry",0.9085
"516","Berta",0
"517","berta",0
"518","BERTA",0
"519","Bertrand",1
"520","Beto",1
"521","Bettina",0
"522","Betty",0
"523","Bibi",0
"524","BIBI",0
"525","Bibiana",0
"526","Biel",1
"527","biel",1
"528","Bienvenido",1
"529","Bilal",0.9971
"530","bilal",0.9971
"531","Bill",1
"532","billi",0.0528
"533","Billy",0.9921
"534","bita",0
"535","Bjorn",1
"536","BLADE",1
"537","Blanca",0
"538","Blas",1
"539","BLAS",1
"540","blas",1
"541","Blue",0.6784
"542","Bob",1
"543","Bobby",0.989
"544","Boby",1
"545","bon",1
"546","Bon",1
"547","Bona",1
"548","Boris",1
"549","Bosco",1
"550","Brandon",0.9978
"551","Braulio",1
"552","Brave",1
"553","Brenda",0.0023
"554","Brendan",0.9978
"555","Brian",0.997
"556","Brianda",0
"557","Brigitta",0
"558","Brigitte",0
"559","Brit",0.9137
"560","Brooklyn",0.014
"561","Bruce",1
"562","Bruna",0
"563","bruno",1
"564","Bruno",1
"565","Bryan",0.9968
"566","Bud",1
"567","BUDDY",1
"568","Cabe",1
"569","Cada",0
"570","Caesar",1
"571","Caillou",1
"572","caillou",1
"573","cal",1
"574","Cal",1
"575","Caleb",0.998
"576","Cali",0.0059
"577","Calixta",0
"578","Calla",0
"579","Callaway",0.5186
"580","Calle",0
"581","Cam",0.9829
"582","Camil",0.3915
"583","camila",8e-04
"584","Camille",0.002
"585","Camilo",1
"586","CAMP",1
"587","Can",1
"588","can",1
"589","Cana",0
"590","Candela",0
"591","Candelaria",0
"592","candelaria",0
"593","Candi",0
"594","candi",0
"595","Candido",1
"596","Captain",1
"597","CaRa",0
"598","Cara",0
"599","Caridad",0
"600","Carina",0
"601","carina",0
"602","Carl",1
"603","Carla",0
"604","carla",0
"605","CarLa",0
"606","CARLES",1
"607","carles",1
"608","Carles",1
"609","Carlitos",1
"610","carlitos",1
"611","Carlo",1
"612","Carlos",0.9979
"613","carlos",0.9979
"614","CARLOS",0.9979
"615","cArLoS",0.9979
"616","carlota",0
"617","Carlota",0
"618","Carlus",1
"619","Carmela",0
"620","carmela",0
"621","Carmelo",1
"622","carmelo",1
"623","Carmen",0.0337
"624","CARMEN",0.0337
"625","carmen",0.0337
"626","CarMen",0.0337
"627","Carmi",0
"628","Carmina",0
"629","carmina",0
"630","CARMINA",0
"631","Carol",0.0094
"632","carola",0
"633","Carola",0
"634","Carolina",0
"635","CAROLINA",0
"636","CaRoLiNa",0
"637","carolina",0
"638","Caroline",8e-04
"639","Carri",0
"640","Carrie",0
"641","carry",0
"642","Carson",0.9469
"643","Cary",0.7901
"644","Cas",1
"645","CAS",1
"646","Casanova",1
"647","Casi",0
"648","casimir",1
"649","Casimira",0
"650","Casimiro",1
"651","Cassandra",9e-04
"652","Castiel",1
"653","Castle",1
"654","CATalina",0
"655","Catalina",0
"656","catalina",0
"657","Catarina",0
"658","Caterina",0
"659","Catherine",9e-04
"660","Cathy",0
"661","Cati",0
"662","cati",0
"663","Caty",0
"664","CATYA",0
"665","Catya",0
"666","Cayenne",0.0447
"667","Cayetana",0
"668","Cayetano",1
"669","cayo",1
"670","Cayo",1
"671","CeCe",0
"672","Ceci",0
"673","Cecil",0.9851
"674","Cecilia",3e-04
"675","cecilia",3e-04
"676","Cecilio",1
"677","ceferino",1
"678","Celes",0
"679","celes",0
"680","celEst",0
"681","Celeste",4e-04
"682","celeste",4e-04
"683","Celestino",1
"684","CELIA",0
"685","Celia",0
"686","celia",0
"687","Celina",0
"688","celso",1
"689","Celso",1
"690","Cervantes",1
"691","cesar",0.9973
"692","Cesar",0.9973
"693","CESAR",0.9973
"694","Cesareo",1
"695","Cesc",1
"696","CESC",1
"697","cesc",1
"698","CHA",1
"699","Chan",0.904
"700","Chani",0
"701","Chania",0
"702","Chantal",0
"703","Chari",0
"704","Charles",0.9978
"705","Charlie",0.6927
"706","Charly",0.397
"707","charly",0.397
"708","Chas",1
"709","Chavela",0
"710","chelsea",8e-04
"711","Cheo",1
"712","Cherokee",0.106
"713","Chester",1
"714","Chevy",0.8028
"715","Chico",1
"716","Chino",1
"717","Chon",1
"718","Chris",0.9829
"719","Christa",0
"720","Christian",0.9799
"721","christian",0.9799
"722","Christine",0.0026
"723","Christophe",1
"724","Christopher",0.9979
"725","Christy",0.0053
"726","Chuck",1
"727","chuck",1
"728","Chuckie",1
"729","Cid",1
"730","cid",1
"731","Cindy",4e-04
"732","Cinthya",0
"733","Cintia",0
"734","Cipriano",1
"735","CIPRIANO",1
"736","Cira",0
"737","Cirilo",1
"738","Ciro",1
"739","Cj",0.9272
"740","CJ",0.9272
"741","Claire",7e-04
"742","claire",7e-04
"743","Clancy",0.628
"744","Clara",6e-04
"745","clara",6e-04
"746","Claribel",0
"747","Clarisa",0
"748","Clarity",0
"749","Claudia",4e-04
"750","claudia",4e-04
"751","Claudio",1
"752","CLAUDIO",1
"753","claudio",1
"754","Claudius",1
"755","Clemente",1
"756","clemente",1
"757","Cleo",0.1124
"758","Cleopatra",0
"759","Cletus",1
"760","Clint",1
"761","CLOTILDE",0
"762","Cloud",1
"763","COAL",1
"764","coco",0
"765","Coco",0
"766","Codi",0.3788
"767","COE",1
"768","Colette",0
"769","Colin",0.9983
"770","collin",0.9969
"771","concepcion",0.1099
"772","concetta",0
"773","Conchita",0
"774","conchita",0
"775","Connie",0.0029
"776","Connor",0.9959
"777","Conny",0
"778","Conrad",1
"779","Conrado",1
"780","conrado",1
"781","constantin",1
"782","Constantino",1
"783","consuelo",0
"784","Consuelo",0
"785","cooper",0.9793
"786","Cope",1
"787","COPE",1
"788","CoRa",0
"789","Coral",0.002
"790","CORAZON",0
"791","Cori",0.1123
"792","Corina",0
"793","CORINNE",0
"794","Corinne",0
"795","Cornelia",0
"796","Cory",0.9708
"797","Cosme",1
"798","Costa",1
"799","coyote",1
"800","Crea",0
"801","cris",0.9413
"802","Cris",0.9413
"803","Crisanto",1
"804","crisol",0
"805","Crispin",1
"806","CrisS",1
"807","Cristhian",1
"808","Cristi",0
"809","Cristian",0.9922
"810","cristian",0.9922
"811","CRISTIAN",0.9922
"812","Cristiano",1
"813","Cristina",8e-04
"814","cristina",8e-04
"815","CRISTINA",8e-04
"816","Cristo",1
"817","cristobal",1
"818","Cristobal",1
"819","CRISTOBAL",1
"820","Cristopher",1
"821","Cruz",0.9606
"822","CRUZ",0.9606
"823","Cynthia",6e-04
"824","CYNTHIA",6e-04
"825","Cyra",0
"826","Da",0.6851
"827","Daenerys",0
"828","Dafne",0
"829","Dagon",1
"830","Dahlia",0
"831","Dailan",1
"832","Daimon",1
"833","Dakota",0.6492
"834","Dale",0.9721
"835","Dalia",0
"836","Damara",0
"837","Damaris",0.0367
"838","Damaso",1
"839","Damia",0
"840","Damian",0.9987
"841","Damien",0.9982
"842","Dan",0.9884
"843","dan",0.9884
"844","Dana",0.08
"845","DANA",0.08
"846","Dani",0.1161
"847","DANI",0.1161
"848","dani",0.1161
"849","DANi",0.1161
"850","daNi",0.1161
"851","Danie",0.3297
"852","Daniel",0.9975
"853","DANIEL",0.9975
"854","daniel",0.9975
"855","Daniela",0.0021
"856","Daniele",0.2667
"857","Danny",0.9906
"858","Dante",0.9949
"859","DANY",1
"860","dany",1
"861","Daria",0
"862","Dario",1
"863","Darius",0.9974
"864","Davan",0.5896
"865","Dave",1
"866","David",0.998
"867","david",0.998
"868","DAVID",0.998
"869","DaVid",0.998
"870","Davide",1
"871","Davidson",1
"872","Day",0.1464
"873","Dayana",0
"874","DE",0.7712
"875","De",0.7712
"876","de",0.7712
"877","Debora",0
"878","deborah",0
"879","Deborah",0
"880","dECker",1
"881","DEIA",0
"882","Del",1
"883","del",1
"884","Dela",0
"885","Delfin",1
"886","Delfina",0
"887","Delia",0
"888","delia",0
"889","Demetri",1
"890","Demetrio",1
"891","Demi",0
"892","Denis",0.8454
"893","Denise",0.002
"894","DEO",1
"895","Deray",1
"896","Derek",0.9985
"897","Desi",0.6565
"898","Detroit",1
"899","Deus",1
"900","DEUS",1
"901","DEVA",0
"902","Dexter",1
"903","Dez",1
"904","Dharma",0
"905","Dia",0.0473
"906","DIA",0.0473
"907","diallo",1
"908","Diamante",0.5963
"909","Diana",0.0019
"910","DIANA",0.0019
"911","Dianne",0
"912","Diaz",1
"913","Didier",1
"914","Diego",0.9981
"915","diego",0.9981
"916","DIEGO",0.9981
"917","Digna",0
"918","Dimas",1
"919","Dimitriy",1
"920","Dimple",0
"921","Dina",0
"922","Dio",1
"923","Diogenes",1
"924","Dioni",0.4255
"925","dionisia",0
"926","Dionisio",1
"927","dionisio",1
"928","Divina",0
"929","Dj",1
"930","Doc",1
"931","dolan",1
"932","Dolores",0
"933","dolores",0
"934","DOLORES",0
"935","Domenico",1
"936","domingo",1
"937","Domingo",1
"938","DOMINGO",1
"939","Dominic",0.9959
"940","don",1
"941","Don",1
"942","DON",1
"943","DONA",0
"944","Donald",0.9994
"945","Dora",0
"946","dora",0
"947","DORA",0
"948","Dori",0
"949","DORI",0
"950","DORIAN",0.9178
"951","Doris",0
"952","Doyle",1
"953","Drago",1
"954","dreamer",0
"955","DRINA",0
"956","ducati",1
"957","dudley",1
"958","Dudley",1
"959","Duke",1
"960","Dulce",0.0015
"961","dulce",0.0015
"962","Dunia",0
"963","dutch",1
"964","EA",0
"965","ED",1
"966","Ed",1
"967","Eddie",0.9959
"968","Eddy",0.9902
"969","Edel",0.9517
"970","Edelmiro",1
"971","Eder",1
"972","Edgar",0.9986
"973","EDGAR",0.9986
"974","edgar",0.9986
"975","Edgard",1
"976","Edi",0.9554
"977","Edilberto",1
"978","Edison",0.98
"979","Edisson",1
"980","Edita",0
"981","Edmond",1
"982","Edmund",1
"983","Edmundo",1
"984","edmundo",1
"985","Edu",1
"986","edu",1
"987","Eduard",1
"988","eduard",1
"989","EDUARD",1
"990","eduarda",0
"991","Eduardo",0.9972
"992","eduardo",0.9972
"993","EDUARDO",0.9972
"994","Eduin",1
"995","Edward",0.9987
"996","Edwin",0.9976
"997","EFE",1
"998","Efren",1
"999","EH",0.5641
"1000","Einar",1
"1001","Eire",0
"1002","Eisa",0.7605
"1003","El",1
"1004","EL",1
"1005","el",1
"1006","Ela",0
"1007","ELA",0
"1008","Eladia",0
"1009","Eladio",1
"1010","Elan",0.8452
"1011","Electra",0
"1012","Elena",6e-04
"1013","ELENA",6e-04
"1014","elena",6e-04
"1015","Eli",0.9933
"1016","eli",0.9933
"1017","Elia",0.105
"1018","Elias",0.9978
"1019","Eliberto",1
"1020","Elida",0
"1021","Elie",0.7357
"1022","Eliecer",1
"1023","Eliezer",1
"1024","Eligio",1
"1025","Elih",1
"1026","Elio",1
"1027","Elisa",6e-04
"1028","elisa",6e-04
"1029","Elisabet",0
"1030","elisabet",0
"1031","Elisabeth",0
"1032","elisabeth",0
"1033","Eliseo",1
"1034","Elisse",0
"1035","Elita",0
"1036","Elius",1
"1037","Elizabeth",0.0015
"1038","elizabeth",0.0015
"1039","Elke",0
"1040","Ella",0.0013
"1041","ella",0.0013
"1042","Elle",0
"1043","Ellery",0.0828
"1044","Ellinor",0
"1045","Ellsworth",1
"1046","Eloi",1
"1047","ELOI",1
"1048","Eloina",0
"1049","Eloisa",0
"1050","Eloise",0
"1051","Eloy",1
"1052","ELOY",1
"1053","Elpidio",1
"1054","Elsa",0
"1055","Elva",0
"1056","elvi",1
"1057","Elvira",0
"1058","elvira",0
"1059","Elvis",0.9982
"1060","Ely",0.8828
"1061","EMA",0
"1062","Emani",0.0614
"1063","Emanuel",0.9994
"1064","Eme",0
"1065","EMI",0
"1066","Emi",0
"1067","Emidio",1
"1068","Emigdio",1
"1069","Emil",1
"1070","Emile",0.802
"1071","Emili",0
"1072","emili",0
"1073","Emilia",0
"1074","emilia",0
"1075","EMILIA",0
"1076","Emiliano",1
"1077","Emilio",0.9996
"1078","EMILIO",0.9996
"1079","emilio",0.9996
"1080","Emily",0.0015
"1081","Emilya",0
"1082","Emma",0.0014
"1083","emma",0.0014
"1084","Emmanuel",0.9962
"1085","Emrys",0.8458
"1086","Emy",0
"1087","en",1
"1088","En",1
"1089","Ena",0
"1090","Ender",1
"1091","Enedina",0
"1092","Eneri",0
"1093","engracia",0
"1094","Enma",0
"1095","enma",0
"1096","Enna",0
"1097","Enoc",1
"1098","EnOcH",1
"1099","Enri",1
"1100","enri",1
"1101","Enrico",1
"1102","Enrike",1
"1103","Enrique",0.9989
"1104","ENRIQUE",0.9989
"1105","enrique",0.9989
"1106","Enriqueta",0
"1107","ENZO",1
"1108","Ephrem",1
"1109","Epifanio",1
"1110","Erasmus",1
"1111","eren",0.8883
"1112","Eres",0
"1113","eri",0.7506
"1114","Eric",0.9979
"1115","ERIC",0.9979
"1116","eric",0.9979
"1117","Erica",0.0013
"1118","Erik",0.9983
"1119","Erika",9e-04
"1120","Ernest",1
"1121","Ernesto",0.9994
"1122","ernesto",0.9994
"1123","Ernie",1
"1124","Ernst",1
"1125","Erol",1
"1126","ESA",0.8811
"1127","Esme",0
"1128","esme",0
"1129","esmeralda",0.0012
"1130","Esmeralda",0.0012
"1131","Esperanza",0.001
"1132","esperanza",0.001
"1133","Estanislao",1
"1134","Esteban",1
"1135","esteban",1
"1136","ESTEBAN",1
"1137","estefania",0
"1138","Estefania",0
"1139","Estela",0
"1140","Estelita",0
"1141","Ester",0
"1142","ester",0
"1143","Esteve",1
"1144","esther",4e-04
"1145","Esther",4e-04
"1146","ESTHER",4e-04
"1147","Estrella",0
"1148","estrella",0
"1149","Estrellita",0
"1150","Eternity",0
"1151","Eugene",0.984
"1152","eugenia",0
"1153","Eugenia",0
"1154","EUGENIA",0
"1155","Eugenio",1
"1156","eugenio",1
"1157","EUGENIO",1
"1158","Eulalia",0
"1159","Eulogio",1
"1160","Eusebio",1
"1161","Eva",6e-04
"1162","eva",6e-04
"1163","EVA",6e-04
"1164","Evalina",0
"1165","Evangelina",0
"1166","Evaristo",1
"1167","EVAristo",1
"1168","Eve",0
"1169","Evelio",1
"1170","evelio",1
"1171","Evelyn",0.0015
"1172","Everardo",1
"1173","Evita",0
"1174","Evo",1
"1175","Ewan",1
"1176","Ezequiel",1
"1177","Ezio",1
"1178","fabian",0.9976
"1179","Fabian",0.9976
"1180","FABIAN",0.9976
"1181","Fabiana",0
"1182","Fabio",1
"1183","fabiola",0
"1184","Fabiola",0
"1185","fabrizio",1
"1186","Fabrizzio",1
"1187","Facundo",1
"1188","FAE",0
"1189","Faisal",1
"1190","Fama",0
"1191","Fani",0
"1192","Fanny",0
"1193","fanny",0
"1194","Farah",0.0275
"1195","Fatima",0.0013
"1196","fatima",0.0013
"1197","Fatou",0
"1198","Faustine",0
"1199","Faustino",1
"1200","fausto",1
"1201","FAUSTO",1
"1202","Faya",0
"1203","Federica",0
"1204","Federico",1
"1205","FEDERICO",1
"1206","federico",1
"1207","Fedor",1
"1208","fedora",0
"1209","Fedra",0
"1210","Feliciano",1
"1211","Felipe",0.9992
"1212","felipe",0.9992
"1213","FELIPE",0.9992
"1214","Felisa",0
"1215","Felix",0.9938
"1216","felix",0.9938
"1217","FELIX",0.9938
"1218","FENDI",0
"1219","fenix",0.7147
"1220","Fenix",0.7147
"1221","Fermin",1
"1222","fermin",1
"1223","Fernanda",8e-04
"1224","fernanda",8e-04
"1225","fernandez",1
"1226","Fernandez",1
"1227","Fernando",0.9956
"1228","fernando",0.9956
"1229","FERNANDO",0.9956
"1230","FerNando",0.9956
"1231","Ferra",0
"1232","Ferran",1
"1233","ferran",1
"1234","FeRrAn",1
"1235","FERRAN",1
"1236","ferris",0.9518
"1237","fidel",1
"1238","Fidel",1
"1239","FIDEL",1
"1240","Filip",1
"1241","Filipe",1
"1242","Fin",1
"1243","Fina",0
"1244","FINA",0
"1245","fina",0
"1246","Flavia",0
"1247","Flavio",1
"1248","Flor",0
"1249","flor",0
"1250","Flora",0
"1251","FLORA",0
"1252","Florencio",1
"1253","Florentino",1
"1254","flory",0
"1255","Ford",1
"1256","Forest",1
"1257","Forrest",0.9976
"1258","Forum",0
"1259","Fox",1
"1260","Fran",1
"1261","fran",1
"1262","FRAN",1
"1263","Franc",1
"1264","Franca",0
"1265","Francesc",1
"1266","FRANCESC",1
"1267","francesc",1
"1268","Francesca",0
"1269","francesca",0
"1270","Francesco",1
"1271","Francina",0
"1272","Francis",0.8505
"1273","francis",0.8505
"1274","Francisca",0
"1275","francisca",0
"1276","Francisco",0.998
"1277","francisco",0.998
"1278","FRANCISCO",0.998
"1279","Franck",1
"1280","Franco",1
"1281","Frank",0.9997
"1282","frank",0.9997
"1283","FRANK",0.9997
"1284","Frankie",0.6903
"1285","Franky",0.9858
"1286","Fred",1
"1287","fred",1
"1288","Freddie",0.9909
"1289","Freddy",1
"1290","freddy",1
"1291","Frederic",1
"1292","Fredi",1
"1293","fredy",1
"1294","Free",0
"1295","FREE",0
"1296","free",0
"1297","freedom",0.3382
"1298","Freedom",0.3382
"1299","Frida",0
"1300","frida",0
"1301","fritz",1
"1302","Gabi",0
"1303","gabi",0
"1304","Gabriel",0.9849
"1305","gabriel",0.9849
"1306","GABRIEL",0.9849
"1307","Gabriela",0.0018
"1308","Gabriella",4e-04
"1309","gabriella",4e-04
"1310","Gabrielle",0.0054
"1311","Gaby",0.0077
"1312","gaby",0.0077
"1313","Gael",0.9936
"1314","gaia",0
"1315","Gaius",1
"1316","gala",0
"1317","Gala",0
"1318","Gali",0
"1319","Galicia",0
"1320","Galo",1
"1321","Gana",0
"1322","Garcia",1
"1323","Gareth",1
"1324","Garfield",1
"1325","Gari",0
"1326","Garo",1
"1327","Gary",1
"1328","Gaspar",1
"1329","Gaston",1
"1330","Gaviota",0
"1331","Gea",0
"1332","gem",0
"1333","Gema",0
"1334","GEMA",0
"1335","gema",0
"1336","Gemma",0
"1337","gemma",0
"1338","GEMMA",0
"1339","Genaro",1
"1340","General",1
"1341","Geno",1
"1342","Genoveva",0
"1343","Geo",1
"1344","Geoffrey",1
"1345","George",0.9971
"1346","george",0.9971
"1347","GEORGE",0.9971
"1348","GEORGIA",0
"1349","Georgina",0
"1350","georgina",0
"1351","Ger",1
"1352","ger",1
"1353","Gerald",1
"1354","Gerard",1
"1355","Gerardo",0.999
"1356","gerardo",0.999
"1357","Geri",0
"1358","German",1
"1359","german",1
"1360","GERMAN",1
"1361","Geronimo",1
"1362","gerrard",1
"1363","GERRY",1
"1364","Gerson",1
"1365","Giacomo",1
"1366","Gian",1
"1367","Giancarlo",1
"1368","Gianluigi",1
"1369","Gianni",0.8204
"1370","Gigi",0
"1371","gigi",0
"1372","gil",1
"1373","Gil",1
"1374","gilbert",1
"1375","Gilberto",1
"1376","Gilda",0
"1377","Gill",1
"1378","gin",1
"1379","Gin",1
"1380","Gina",0
"1381","Giordano",1
"1382","giorgi",1
"1383","Giorgina",0
"1384","Giorgio",1
"1385","GIORGIO",1
"1386","Giovanni",0.9919
"1387","giovanni",0.9919
"1388","Gisela",0
"1389","Gissel",0
"1390","Gitana",0
"1391","Giulia",0
"1392","Giuliana",0
"1393","Giuseppe",1
"1394","Gladys",0
"1395","Gloria",0
"1396","gloria",0
"1397","glory",0
"1398","Gohar",0
"1399","Golda",0
"1400","Golden",0.6072
"1401","Gonzalo",1
"1402","GONZALO",1
"1403","gonzalo",1
"1404","Gordon",1
"1405","goretti",0
"1406","Goretti",0
"1407","Grabriel",1
"1408","Grace",0.0015
"1409","Graci",0
"1410","Gracia",0
"1411","gracia",0
"1412","Graciela",0
"1413","Great",1
"1414","Greg",1
"1415","Gregori",1
"1416","Gregorio",1
"1417","gregorio",1
"1418","Greta",0
"1419","Gretel",0
"1420","Grisel",0
"1421","Griselda",0
"1422","Grissom",1
"1423","Guadalupe",0.1272
"1424","GUADALUPE",0.1272
"1425","Gualberto",1
"1426","Guardian",1
"1427","GUERRERO",1
"1428","Guerrero",1
"1429","Guido",1
"1430","guido",1
"1431","Guillaume",1
"1432","Guillermo",0.9993
"1433","guillermo",0.9993
"1434","Gus",1
"1435","GUS",1
"1436","Gustav",1
"1437","Gustavo",0.9996
"1438","gustavo",0.9996
"1439","GUSTAVO",0.9996
"1440","Guy",1
"1441","Habib",1
"1442","Hada",0
"1443","HADA",0
"1444","Hala",0
"1445","Hamdi",0.2768
"1446","Hamid",1
"1447","Han",0.4348
"1448","hank",1
"1449","Hanna",0.0017
"1450","Hannah",0.0015
"1451","Hannibal",1
"1452","Hans",1
"1453","Hany",0.4808
"1454","Happy",0.389
"1455","happy",0.389
"1456","harry",1
"1457","Harry",1
"1458","Harvey",1
"1459","Hassan",1
"1460","hay",1
"1461","Hay",1
"1462","Heart",0
"1463","Heathcliff",1
"1464","Heber",1
"1465","Heberto",1
"1466","Hector",0.9993
"1467","HECTOR",0.9993
"1468","hector",0.9993
"1469","Heidi",0
"1470","heidi",0
"1471","Heinrich",1
"1472","helen",4e-04
"1473","Helen",4e-04
"1474","Helena",0
"1475","helena",0
"1476","Helio",1
"1477","Hellen",0
"1478","Henri",0.9932
"1479","Henriette",0
"1480","Henrik",1
"1481","Henrique",1
"1482","Henry",0.9983
"1483","henry",0.9983
"1484","hera",0
"1485","HERACLIO",1
"1486","Heraldo",1
"1487","Hercules",1
"1488","Heriberto",1
"1489","HERICK",1
"1490","Herman",1
"1491","Hermann",1
"1492","Hermenegildo",1
"1493","Hermes",1
"1494","HERMINIA",0
"1495","herminia",0
"1496","Herminio",1
"1497","Hernan",1
"1498","Hernando",1
"1499","HERNANDO",1
"1500","Hero",0.5567
"1501","hilaria",0
"1502","Hilario",1
"1503","Hilda",0
"1504","Hillary",0.0049
"1505","HIPOLITO",1
"1506","Holly",5e-04
"1507","Homer",1
"1508","Hope",0.0019
"1509","Horacio",1
"1510","Huan",1
"1511","Hugh",1
"1512","Hugo",1
"1513","Humberto",1
"1514","Humphrey",1
"1515","Hyun",1
"1516","Iago",1
"1517","IAM",1
"1518","Ian",0.998
"1519","Iban",1
"1520","Ibrahim",1
"1521","Iden",1
"1522","Ignacio",1
"1523","ignacio",1
"1524","IGNACIO",1
"1525","Ignatius",1
"1526","Igor",1
"1527","IKEA",0
"1528","Iker",1
"1529","Ilda",0
"1530","Ildefonso",1
"1531","Ileana",0
"1532","Ilias",1
"1533","Ilse",0
"1534","Imad",1
"1535","Imagine",0
"1536","Iman",0.1233
"1537","Imanol",1
"1538","imanol",1
"1539","IMANOL",1
"1540","Ina",0
"1541","Inacio",1
"1542","Inaki",1
"1543","Indi",0.0426
"1544","india",0
"1545","INDIE",0.1124
"1546","indio",1
"1547","Indio",1
"1548","INDIO",1
"1549","Indy",0.474
"1550","Ines",0.0424
"1551","ines",0.0424
"1552","Infinity",0
"1553","Ingrid",0
"1554","Inigo",1
"1555","inocencio",1
"1556","Inti",1
"1557","Ioana",0
"1558","Ion",1
"1559","Ione",0
"1560","Iren",1
"1561","Irene",0
"1562","irene",0
"1563","IRENE",0
"1564","Iria",0
"1565","Irina",0
"1566","Iris",0.0017
"1567","iris",0.0017
"1568","Irma",0
"1569","Iron",1
"1570","Isa",0.5663
"1571","isa",0.5663
"1572","ISA",0.5663
"1573","Isaac",0.9982
"1574","isaac",0.9982
"1575","ISAAC",0.9982
"1576","Isabeau",0
"1577","Isabel",0.0019
"1578","isabel",0.0019
"1579","ISABEL",0.0019
"1580","isabela",0
"1581","Isabella",0.0012
"1582","Isac",1
"1583","IsaMary",0
"1584","Isaura",0
"1585","IsBel",0
"1586","ISHA",0
"1587","Isidoro",1
"1588","ISIDORO",1
"1589","Isidro",1
"1590","isidro",1
"1591","isma",0
"1592","Isma",0
"1593","Ismael",0.9985
"1594","ismael",0.9985
"1595","ISMAEL",0.9985
"1596","Isolde",0
"1597","Isra",0
"1598","ISRAEL",0.9752
"1599","Israel",0.9752
"1600","israel",0.9752
"1601","ISSAM",1
"1602","Ita",0
"1603","ita",0
"1604","Italo",1
"1605","Itziar",1
"1606","Ivan",0.9972
"1607","ivan",0.9972
"1608","IVAN",0.9972
"1609","Ivana",0
"1610","Ivanhoe",1
"1611","Ivar",1
"1612","Ivette",0
"1613","Ivo",1
"1614","ivo",1
"1615","Ivonne",0
"1616","Izan",1
"1617","Izzy",0.3083
"1618","Ja",0.6368
"1619","JA",0.6368
"1620","ja",0.6368
"1621","Jabier",1
"1622","JAC",1
"1623","Jac",1
"1624","Jacinta",0
"1625","Jacinto",1
"1626","JACK",0.9985
"1627","Jack",0.9985
"1628","Jacky",0.8176
"1629","Jacob",0.9981
"1630","jacob",0.9981
"1631","Jacobo",1
"1632","jacobo",1
"1633","Jacopo",1
"1634","Jacqueline",0.002
"1635","Jacques",0.996
"1636","JADA",0.0037
"1637","Jael",0.4393
"1638","Jafet",1
"1639","Jafeth",1
"1640","JAG",1
"1641","JAGR",1
"1642","Jaime",0.8415
"1643","jaime",0.8415
"1644","JAIME",0.8415
"1645","jairo",1
"1646","Jairo",1
"1647","jake",0.9985
"1648","Jakobe",1
"1649","Jala",0
"1650","Jalil",0.9957
"1651","JAlique",1
"1652","james",0.9973
"1653","James",0.9973
"1654","Jan",0.9547
"1655","JAN",0.9547
"1656","Janet",0
"1657","Jani",0.1722
"1658","Janina",0
"1659","jaquelin",0
"1660","Jara",0
"1661","Jason",0.998
"1662","javi",1
"1663","Javi",1
"1664","Javier",0.9977
"1665","javier",0.9977
"1666","JAVIER",0.9977
"1667","Javiera",0
"1668","JavierE",1
"1669","Javiere",1
"1670","Jaxon",0.9941
"1671","Jay",0.9911
"1672","Jazz",0.5599
"1673","JB",1
"1674","Jb",1
"1675","JC",0.9584
"1676","jc",0.9584
"1677","JD",0.9051
"1678","Jd",0.9051
"1679","Jean",0.7505
"1680","Jeff",1
"1681","Jelen",1
"1682","Jenaro",1
"1683","jenia",0
"1684","Jennifer",0.0026
"1685","Jenny",0
"1686","Jenrry",1
"1687","Jens",1
"1688","Jeny",0
"1689","Jeremiah",0.9975
"1690","Jeremy",0.9978
"1691","Jerez",1
"1692","Jerome",1
"1693","Jeronimo",1
"1694","Jerry",0.9958
"1695","jerry",0.9958
"1696","jes",1
"1697","Jese",1
"1698","Jesica",0
"1699","Jess",0.8809
"1700","Jesse",0.9618
"1701","Jessica",0.0019
"1702","Jessy",0.6461
"1703","jesus",0.9954
"1704","Jesus",0.9954
"1705","JESUS",0.9954
"1706","Jezabel",0
"1707","Jhoan",1
"1708","Jhon",1
"1709","jhon",1
"1710","JHON",1
"1711","Jhony",1
"1712","Jim",1
"1713","Jimena",9e-04
"1714","Jimi",0.8857
"1715","jimmi",0.7874
"1716","Jimmy",0.9991
"1717","jimmy",0.9991
"1718","JIMMY",0.9991
"1719","JING",0.0554
"1720","JJ",1
"1721","Jj",1
"1722","jj",1
"1723","Jmar",1
"1724","JMari",1
"1725","Jo",0.271
"1726","jo",0.271
"1727","JO",0.271
"1728","Joachim",1
"1729","Joan",0.6323
"1730","joan",0.6323
"1731","JOAN",0.6323
"1732","Joana",0
"1733","joana",0
"1734","JOANA",0
"1735","Joanna",0.0014
"1736","Joao",1
"1737","joaquim",1
"1738","Joaquim",1
"1739","Joaquin",0.9988
"1740","joaquin",0.9988
"1741","JOAQUIN",0.9988
"1742","Joby",1
"1743","Jocelyn",0.0019
"1744","Joe",0.9988
"1745","joe",0.9988
"1746","JOE",0.9988
"1747","Joel",0.9965
"1748","joel",0.9965
"1749","Joey",0.7934
"1750","Joffre",1
"1751","johan",0.9952
"1752","Johan",0.9952
"1753","Johana",0
"1754","Johannes",1
"1755","John",0.9981
"1756","JOHN",0.9981
"1757","john",0.9981
"1758","Johnny",0.9949
"1759","johnny",0.9949
"1760","JOHNNY",0.9949
"1761","Johny",1
"1762","Jolette",0
"1763","Jolly",0
"1764","Jon",0.9965
"1765","jon",0.9965
"1766","Jona",0.4537
"1767","Jonas",0.9994
"1768","Jonatan",1
"1769","JONATAN",1
"1770","jonathan",0.9976
"1771","Jonathan",0.9976
"1772","Jonay",0
"1773","Jones",1
"1774","Joni",0.1831
"1775","joni",0.1831
"1776","Jony",1
"1777","Jordan",0.7073
"1778","Jordi",0.9578
"1779","jordi",0.9578
"1780","JORDI",0.9578
"1781","JorDI",0.9578
"1782","Jorge",0.9981
"1783","JORGE",0.9981
"1784","jorge",0.9981
"1785","jorgina",0
"1786","Jos",1
"1787","Josafat",1
"1788","Josan",1
"1789","josan",1
"1790","JOSAN",1
"1791","jose",0.9968
"1792","Jose",0.9968
"1793","JOSE",0.9968
"1794","Josean",1
"1795","Joseantonio",1
"1796","JoseAntonio",1
"1797","JoseDavid",1
"1798","Josef",1
"1799","Josefa",0
"1800","josefa",0
"1801","Josefina",0
"1802","JOSEFINA",0
"1803","JOSEFINE",0
"1804","JoseJuan",1
"1805","joseluis",1
"1806","Joseluis",1
"1807","joseManuel",1
"1808","Josemanuel",1
"1809","Josemaria",1
"1810","Josep",1
"1811","josep",1
"1812","JOSEP",1
"1813","Joseph",0.9981
"1814","JOSEPH",0.9981
"1815","joseph",0.9981
"1816","Josera",0
"1817","Josey",0.1277
"1818","Josh",1
"1819","Joshua",0.9979
"1820","Josmel",1
"1821","joss",0.5763
"1822","Joss",0.5763
"1823","Josue",0.9977
"1824","jovani",0.9963
"1825","joven",1
"1826","Jovita",0
"1827","Joy",0.0155
"1828","jp",1
"1829","JP",1
"1830","JR",1
"1831","jr",1
"1832","Jr",1
"1833","JT",1
"1834","Ju",1
"1835","Juan",0.9971
"1836","JUAN",0.9971
"1837","juan",0.9971
"1838","JuaN",0.9971
"1839","Juana",0.0019
"1840","juana",0.0019
"1841","JUANA",0.0019
"1842","JuanAntonio",1
"1843","JUANCARLOS",1
"1844","juancarlos",1
"1845","JuanCarlos",1
"1846","Juancarlos",1
"1847","Juanfrancisco",1
"1848","juanita",0
"1849","juanito",1
"1850","Juanito",1
"1851","JuanManuel",1
"1852","JuanMiguel",1
"1853","JuanPablo",1
"1854","Juany",0
"1855","Judas",1
"1856","JuDe",0.9574
"1857","Judit",0
"1858","judit",0
"1859","Judith",0
"1860","Julen",1
"1861","julen",1
"1862","Jules",0.4795
"1863","Juli",0
"1864","JULI",0
"1865","juli",0
"1866","Julia",0.0014
"1867","julia",0.0014
"1868","JULIA",0.0014
"1869","JULIAN",0.9891
"1870","Julian",0.9891
"1871","julian",0.9891
"1872","Juliana",4e-04
"1873","juliana",4e-04
"1874","juliano",1
"1875","Julie",7e-04
"1876","Julieta",0
"1877","julietta",0
"1878","Julio",0.9984
"1879","julio",0.9984
"1880","JULIO",0.9984
"1881","julius",1
"1882","july",0.2455
"1883","Justice",0.5128
"1884","Justin",0.9976
"1885","justina",0
"1886","Justino",1
"1887","justo",1
"1888","Justo",1
"1889","KAISER",1
"1890","Kaiser",1
"1891","Kal",1
"1892","kali",0.0217
"1893","Kalvin",1
"1894","Kamal",1
"1895","Kamaron",1
"1896","Kanari",0.5419
"1897","kannon",0.9777
"1898","kareen",0.2192
"1899","Karen",0.0047
"1900","karen",0.0047
"1901","kari",0.042
"1902","Karim",0.9968
"1903","KARIM",0.9968
"1904","Karina",5e-04
"1905","karina",5e-04
"1906","Karl",1
"1907","karla",0.0019
"1908","Karla",0.0019
"1909","KARLO",1
"1910","karlos",1
"1911","Karlos",1
"1912","KARLOS",1
"1913","karma",0.0268
"1914","Karma",0.0268
"1915","Karmelo",1
"1916","Karmen",0.0022
"1917","Karol",0.2682
"1918","Karolyn",0
"1919","katalina",0
"1920","Katana",0
"1921","kate",8e-04
"1922","Kate",8e-04
"1923","Katherin",0
"1924","katherin",0
"1925","Katherine",0.0015
"1926","Katia",0
"1927","Katrina",0
"1928","Katrine",0
"1929","katy",0
"1930","Katy",0
"1931","Katya",0
"1932","Kay",0.0211
"1933","KAYMAN",0.8186
"1934","Kaz",1
"1935","Ke",1
"1936","kel",1
"1937","Kelsen",1
"1938","Kelvin",0.9993
"1939","Ken",1
"1940","KENIA",0
"1941","Kenneth",0.9982
"1942","Kent",1
"1943","Keny",1
"1944","Kenzo",1
"1945","Kern",1
"1946","Kevin",0.9974
"1947","kevin",0.9974
"1948","key",1
"1949","Khalil",0.9895
"1950","Khyrie",0.7942
"1951","Kiki",0
"1952","Kiko",0.287
"1953","kiko",0.287
"1954","Kilian",0.9636
"1955","kilian",0.9636
"1956","Kim",0.1317
"1957","Kimi",0.0419
"1958","Kimo",1
"1959","Kin",1
"1960","KING",1
"1961","King",1
"1962","Kino",1
"1963","KIno",1
"1964","kiowa",0.5727
"1965","kira",7e-04
"1966","Kirian",1
"1967","Kitty",0
"1968","KJ",1
"1969","Klaus",1
"1970","Kleber",1
"1971","Kobi",0.7227
"1972","Koji",1
"1973","Kol",1
"1974","Kong",1
"1975","Korina",0
"1976","kosta",1
"1977","Kris",0.8413
"1978","KRIS",0.8413
"1979","Kristin",0.0093
"1980","Kristo",1
"1981","kristyn",0
"1982","KRON",1
"1983","Kuper",1
"1984","La",0.2467
"1985","LA",0.2467
"1986","la",0.2467
"1987","Lady",0
"1988","lady",0
"1989","Laetitia",0
"1990","Lah",0
"1991","Laia",0
"1992","Laika",0
"1993","Laila",8e-04
"1994","Lakshmi",0
"1995","Lali",0
"1996","Lalia",0
"1997","Lalo",1
"1998","LALO",1
"1999","Lamia",0
"2000","Lana",0
"2001","Lancelot",1
"2002","Lander",1
"2003","Lania",0
"2004","Lara",0
"2005","LARA",0
"2006","lara",0
"2007","Larra",0
"2008","Larry",1
"2009","LAURA",0.0014
"2010","Laura",0.0014
"2011","laura",0.0014
"2012","lauren",0.0023
"2013","Laurent",1
"2014","Laurentino",1
"2015","Lauri",0
"2016","Laurie",0
"2017","Lauro",1
"2018","Laury",0
"2019","Lawrence",0.9991
"2020","Layla",0.0013
"2021","Layne",0.7578
"2022","Layra",0
"2023","Lazaro",1
"2024","lc",1
"2025","Le",0.5124
"2026","LE",0.5124
"2027","le",0.5124
"2028","Leandro",1
"2029","leandro",1
"2030","Lee",0.9162
"2031","Legacy",0.1828
"2032","LEGNA",0
"2033","leia",0
"2034","Leia",0
"2035","Leida",0
"2036","Leire",0
"2037","leire",0
"2038","Leland",0.9847
"2039","Lena",0
"2040","Lene",0
"2041","lenin",1
"2042","Lenin",1
"2043","Leo",0.9972
"2044","Leocadio",1
"2045","Leon",1
"2046","leON",1
"2047","leon",1
"2048","Leonardo",0.9977
"2049","leonardo",0.9977
"2050","LEONARDO",0.9977
"2051","Leoncio",1
"2052","LEONIDAS",1
"2053","Leonidas",1
"2054","Leonor",0
"2055","leonor",0
"2056","Leonora",0
"2057","Leopold",1
"2058","Leopoldo",1
"2059","Les",1
"2060","Lestat",1
"2061","Lester",1
"2062","Leticia",0
"2063","leticia",0
"2064","Lewis",0.9985
"2065","lewis",0.9985
"2066","Lex",1
"2067","Leyla",0
"2068","Leyton",0.8909
"2069","Li",0.4936
"2070","lia",0
"2071","Lia",0
"2072","Liam",0.998
"2073","Liana",0
"2074","Lianet",0
"2075","Libertad",0
"2076","libertad",0
"2077","liberty",0.0015
"2078","Liberty",0.0015
"2079","liborio",1
"2080","Lidia",0
"2081","lidia",0
"2082","Life",0.6944
"2083","lila",0
"2084","LiLe",0
"2085","Lili",0
"2086","LILIA",0
"2087","Lilian",0
"2088","liliana",8e-04
"2089","Liliana",8e-04
"2090","Lilith",0
"2091","Lin",0.2688
"2092","Lina",0
"2093","lina",0
"2094","LINCOLN",0.9877
"2095","Lino",1
"2096","lino",1
"2097","Linus",1
"2098","Lion",1
"2099","Lionel",1
"2100","Lis",0
"2101","LIS",0
"2102","Lisa",8e-04
"2103","Lisandro",0.9937
"2104","Lita",0
"2105","Little",1
"2106","Liv",0
"2107","Livia",0
"2108","Liz",0
"2109","Lizzy",0
"2110","Lloyd",1
"2111","LOC",1
"2112","Loic",1
"2113","Lois",0.0163
"2114","Lola",0
"2115","LOLA",0
"2116","lola",0
"2117","Lolita",0
"2118","London",0.1832
"2119","Long",1
"2120","Lord",1
"2121","Lore",0
"2122","LORE",0
"2123","lorea",0
"2124","Loren",0.3128
"2125","loren",0.3128
"2126","Lorena",0
"2127","lorena",0
"2128","Lorenna",0
"2129","Lorenzo",1
"2130","lorenzo",1
"2131","LORENZO",1
"2132","Loreto",1
"2133","loreto",1
"2134","Loretta",0
"2135","Lotte",0
"2136","LOU",0.6093
"2137","Lou",0.6093
"2138","Louis",0.9992
"2139","Lourdes",0
"2140","lourdes",0
"2141","LOURDES",0
"2142","Love",0.0917
"2143","LOYAL",0.8873
"2144","Lu",0
"2145","Lua",0
"2146","lua",0
"2147","Luai",1
"2148","Luc",1
"2149","luca",0.948
"2150","Luca",0.948
"2151","lucas",0.9984
"2152","Lucas",0.9984
"2153","LUCAS",0.9984
"2154","Luce",0
"2155","Lucero",0.0139
"2156","Luci",0
"2157","lucia",9e-04
"2158","Lucia",9e-04
"2159","LUCIA",9e-04
"2160","Luciana",0
"2161","Luciano",1
"2162","LUCIANO",1
"2163","Lucifer",1
"2164","LuciFer",1
"2165","Lucila",0
"2166","Lucio",1
"2167","lucio",1
"2168","Lucky",0.8452
"2169","Lucrecia",0
"2170","LUCRECIA",0
"2171","Lucy",5e-04
"2172","lucy",5e-04
"2173","Ludwig",1
"2174","Luigi",1
"2175","luigi",1
"2176","luis",0.9975
"2177","Luis",0.9975
"2178","LUIS",0.9975
"2179","Luisa",0
"2180","luisa",0
"2181","Luisfernando",1
"2182","Lukas",0.9987
"2183","Luken",1
"2184","Lul",0
"2185","Lula",0
"2186","LULA",0
"2187","lula",0
"2188","Lulu",0
"2189","Luna",8e-04
"2190","luna",8e-04
"2191","Lupe",0.3226
"2192","Lupita",0
"2193","lurdes",0
"2194","Lurdes",0
"2195","LURDES",0
"2196","luther",1
"2197","Luz",0.015
"2198","luz",0.015
"2199","lydia",9e-04
"2200","Lydia",9e-04
"2201","Lyle",0.9959
"2202","LyNk",1
"2203","Lyon",1
"2204","Ma",0
"2205","MA",0
"2206","Maat",0
"2207","Mabel",0
"2208","mabel",0
"2209","Mac",0.995
"2210","MAC",0.995
"2211","Macarena",0
"2212","macarena",0
"2213","MACARIO",1
"2214","macario",1
"2215","Machi",1
"2216","Mack",1
"2217","Mada",0
"2218","Maddi",0
"2219","Madelon",0
"2220","Madina",0
"2221","madison",0.0044
"2222","Madrid",0
"2223","mael",1
"2224","Mael",1
"2225","Maela",0
"2226","Magali",0
"2227","Magda",0
"2228","magda",0
"2229","Magdalena",0
"2230","Magenta",0
"2231","Magnolia",0
"2232","Magnus",1
"2233","Maham",0
"2234","mahir",1
"2235","Mai",0
"2236","MAI",0
"2237","Maia",0
"2238","Maica",0
"2239","Maika",0.3661
"2240","MAIKEL",1
"2241","Maikel",1
"2242","maikel",1
"2243","maiki",1
"2244","Maiko",0.6707
"2245","Maite",0
"2246","maite",0
"2247","MAITE",0
"2248","Major",1
"2249","maka",0
"2250","Maki",0.8527
"2251","Makin",1
"2252","Mala",0
"2253","Malcolm",1
"2254","Male",1
"2255","Malena",0
"2256","malena",0
"2257","Malik",0.9958
"2258","Malika",0.0108
"2259","Malu",0
"2260","Mama",0
"2261","Man",0.1806
"2262","MAN",0.1806
"2263","man",0.1806
"2264","Mane",0
"2265","Manfredo",1
"2266","Mano",1
"2267","MANO",1
"2268","Manolo",1
"2269","manolo",1
"2270","Manon",0
"2271","Manu",1
"2272","MANU",1
"2273","manu",1
"2274","Manuel",0.999
"2275","manuel",0.999
"2276","MANUEL",0.999
"2277","Manuela",0
"2278","MANUELA",0
"2279","manuela",0
"2280","Manus",1
"2281","mao",0
"2282","Mao",0
"2283","Mar",0.1168
"2284","mar",0.1168
"2285","MAR",0.1168
"2286","Mara",0
"2287","MARA",0
"2288","marai",0
"2289","Marat",1
"2290","Marbella",0
"2291","marbella",0
"2292","Marc",0.9989
"2293","marc",0.9989
"2294","Marce",0
"2295","Marcel",0.9851
"2296","marcel",0.9851
"2297","Marcela",0
"2298","MARCELA",0
"2299","Marcelino",1
"2300","MARCELINO",1
"2301","Marcelo",1
"2302","marcia",0
"2303","Marcial",1
"2304","Marcio",1
"2305","Marco",0.9987
"2306","Marcos",0.9993
"2307","marcos",0.9993
"2308","MARCOS",0.9993
"2309","Marcus",0.9981
"2310","marcus",0.9981
"2311","Marcy",0
"2312","Marea",0
"2313","Marelis",0
"2314","Marena",0
"2315","margaret",6e-04
"2316","Margaret",6e-04
"2317","Margarita",0
"2318","margarita",0
"2319","MARGARITA",0
"2320","Margot",0
"2321","margot",0
"2322","Mari",0.0025
"2323","MARI",0.0025
"2324","mari",0.0025
"2325","Maria",0.0029
"2326","MARIA",0.0029
"2327","maria",0.0029
"2328","MariaDel",0
"2329","Mariadelcarmen",0
"2330","Mariajose",0
"2331","MariaJose",0
"2332","mariam",0
"2333","Mariam",0
"2334","marian",0.0042
"2335","Marian",0.0042
"2336","Mariana",0.0015
"2337","Marianela",0
"2338","mariangeles",0
"2339","Mariangeles",0
"2340","Mariann",0
"2341","Marianna",0
"2342","Mariano",1
"2343","MARIANO",1
"2344","mariano",1
"2345","Maribel",0
"2346","MARIBEL",0
"2347","maribel",0
"2348","MariCarmen",0
"2349","Maricarmen",0
"2350","maricarmen",0
"2351","Marice",1
"2352","Maricel",0
"2353","Maricruz",0
"2354","maricruz",0
"2355","Marie",0
"2356","marie",0
"2357","mariela",0
"2358","Mariem",0
"2359","Marien",0
"2360","Marietta",0
"2361","marietta",0
"2362","Marijke",0
"2363","Marijo",0
"2364","Marijose",0
"2365","marijose",0
"2366","Marilena",0
"2367","Marilin",0
"2368","mariluz",0
"2369","Mariluz",0
"2370","Marimar",0
"2371","Marina",0
"2372","marina",0
"2373","MARINA",0
"2374","Marine",0
"2375","MARINO",1
"2376","Marino",1
"2377","MARIO",0.9983
"2378","Mario",0.9983
"2379","mario",0.9983
"2380","Marion",0.5162
"2381","mariona",0
"2382","Mariona",0
"2383","Mariposa",0
"2384","Marisa",0
"2385","marisa",0
"2386","MARISA",0
"2387","marisol",5e-04
"2388","MARISOL",5e-04
"2389","Marisol",5e-04
"2390","marissa",0.0011
"2391","Marissa",0.0011
"2392","Marius",1
"2393","MARIUS",1
"2394","Mark",0.9982
"2395","Markel",0.987
"2396","Markus",1
"2397","marlen",0.0341
"2398","Marlen",0.0341
"2399","Marlon",0.9989
"2400","marques",1
"2401","Mars",1
"2402","Mart",1
"2403","MARTA",0
"2404","Marta",0
"2405","marta",0
"2406","Marte",1
"2407","Martha",0
"2408","marti",0.0192
"2409","Marti",0.0192
"2410","Martia",0
"2411","Martin",0.9985
"2412","martin",0.9985
"2413","martina",0
"2414","Martina",0
"2415","Martinez",1
"2416","Marty",0.9489
"2417","Marwa",0
"2418","Marwan",1
"2419","Marx",1
"2420","mary",0.0019
"2421","Mary",0.0019
"2422","Marya",0
"2423","MARYA",0
"2424","marya",0
"2425","marye",0
"2426","Maryland",0
"2427","marylu",0
"2428","Marysol",0
"2429","Masha",0
"2430","MAT",1
"2431","Mat",1
"2432","Matas",1
"2433","Mateo",1
"2434","mateo",1
"2435","Mathayus",1
"2436","Mathew",0.9996
"2437","Mathilde",0
"2438","Mati",0.1337
"2439","Matias",1
"2440","matias",1
"2441","Matilde",0
"2442","matilde",0
"2443","Mato",1
"2444","matrix",1
"2445","MATS",1
"2446","mats",1
"2447","Mats",1
"2448","Matt",1
"2449","Matthew",0.9982
"2450","Matthias",1
"2451","Matty",0
"2452","Maty",0
"2453","MAU",1
"2454","Maura",0
"2455","mauri",0.261
"2456","Mauricio",1
"2457","Mauro",1
"2458","Mavi",0
"2459","mavi",0
"2460","Max",0.9969
"2461","max",0.9969
"2462","Maxi",1
"2463","maxi",1
"2464","maxim",0.998
"2465","Maxima",0
"2466","Maximiano",1
"2467","Maximiliano",1
"2468","maximo",1
"2469","Maximo",1
"2470","MAXIMO",1
"2471","Maximus",0.9994
"2472","MaxWell",0.998
"2473","may",0
"2474","May",0
"2475","MAY",0
"2476","maya",0.0017
"2477","Maye",0
"2478","Mayer",0.9899
"2479","Mayka",0
"2480","mayka",0
"2481","Maykel",1
"2482","mayo",1
"2483","Mayra",0
"2484","mayre",0
"2485","Mayte",0
"2486","mayte",0
"2487","MC",0
"2488","Mc",0
"2489","mc",0
"2490","McCormick",1
"2491","McGregor",1
"2492","Medina",0
"2493","Megan",0.0015
"2494","Mei",0
"2495","Meia",0
"2496","Mel",0.5376
"2497","mel",0.5376
"2498","Mela",0
"2499","Melania",0
"2500","melania",0
"2501","Melchor",1
"2502","Meli",0
"2503","Melina",0
"2504","melina",0
"2505","Melisa",0
"2506","Melo",1
"2507","Melquiades",1
"2508","Mely",0
"2509","Mercedes",7e-04
"2510","MERCEDES",7e-04
"2511","mercedes",7e-04
"2512","Mercutio",1
"2513","Meri",0
"2514","meri",0
"2515","Meritxell",0
"2516","meritxell",0
"2517","MERITXELL",0
"2518","Merry",0
"2519","mery",0
"2520","Mery",0
"2521","Mesa",0
"2522","MESA",0
"2523","Mesut",1
"2524","Mey",0
"2525","Mi",0
"2526","mi",0
"2527","MI",0
"2528","Mia",0.0013
"2529","Mica",0.3657
"2530","Michael",0.9967
"2531","michael",0.9967
"2532","miche",0
"2533","Michel",0.4999
"2534","michel",0.4999
"2535","Michele",0.0858
"2536","MIchele",0.0858
"2537","Micheline",0
"2538","mickael",1
"2539","Micki",0
"2540","MIDORI",0
"2541","Miguel",0.9975
"2542","miguel",0.9975
"2543","MIGUEL",0.9975
"2544","MiGUEL",0.9975
"2545","MIguel",0.9975
"2546","miguelangel",1
"2547","Miguelito",1
"2548","Mika",0.1691
"2549","Mikael",0.9616
"2550","Mike",1
"2551","Mikel",0.9308
"2552","mikel",0.9308
"2553","Mikhail",1
"2554","Miki",0.0198
"2555","miki",0.0198
"2556","Mila",8e-04
"2557","mila",8e-04
"2558","Milagros",0
"2559","milagros",0
"2560","Milana",0
"2561","Milena",0
"2562","Miles",0.9968
"2563","Millan",1
"2564","MILLER",0.845
"2565","Milo",0.989
"2566","Mima",0
"2567","MiMa",0
"2568","Mimi",0
"2569","mimi",0
"2570","Mina",0.0534
"2571","MINA",0.0534
"2572","Minaya",0
"2573","Minerva",0
"2574","Mingus",1
"2575","mio",0.1051
"2576","Miquel",1
"2577","miquel",1
"2578","miQuel",1
"2579","Mir",1
"2580","mir",1
"2581","Mira",0
"2582","mirabai",0
"2583","Mirari",0
"2584","Mireia",0
"2585","MIREIA",0
"2586","mireia",0
"2587","Mirela",0
"2588","Mirella",0
"2589","Miren",0
"2590","miren",0
"2591","mireya",0
"2592","Miri",0
"2593","Miriam",3e-04
"2594","miriam",3e-04
"2595","Miriama",0
"2596","Mirian",0
"2597","Mirna",0
"2598","Miro",1
"2599","Mirta",0
"2600","Mirtha",0
"2601","Miryam",0
"2602","MISTER",1
"2603","Mister",1
"2604","mister",1
"2605","Mitch",1
"2606","MJ",1
"2607","Mj",1
"2608","mj",1
"2609","Modesto",1
"2610","modesto",1
"2611","Mohamed",1
"2612","MOHAMED",1
"2613","Mohammad",1
"2614","Mohammed",1
"2615","Moise",1
"2616","MOISES",0.9978
"2617","Moises",0.9978
"2618","Molina",0
"2619","Molly",0.0017
"2620","Momo",0
"2621","MOMO",0
"2622","Mona",0
"2623","mona",0
"2624","Monalisa",0
"2625","Monet",0
"2626","Monica",8e-04
"2627","monica",8e-04
"2628","Monik",0
"2629","Monika",0
"2630","Monike",0
"2631","Monique",0
"2632","Monse",0
"2633","monse",0
"2634","montana",0.2295
"2635","Monte",1
"2636","montse",0
"2637","Montse",0
"2638","MONTSE",0
"2639","Montserrat",0
"2640","montserrat",0
"2641","MONTSERRAT",0
"2642","monty",1
"2643","MoNtY",1
"2644","Moon",0.3069
"2645","moon",0.3069
"2646","Mora",0
"2647","Morena",0
"2648","morena",0
"2649","Moreno",1
"2650","MORENO",1
"2651","Morgan",0.0947
"2652","Morgana",0
"2653","Mostafa",1
"2654","Mozart",1
"2655","Muad",1
"2656","Munir",1
"2657","Murdoc",1
"2658","Muriel",0
"2659","Murphy",0.7154
"2660","Murray",0.984
"2661","My",0.0322
"2662","Myriam",0
"2663","myriam",0
"2664","Na",0.1617
"2665","Nada",0
"2666","Nadal",1
"2667","Nadia",5e-04
"2668","nadia",5e-04
"2669","Nadine",0
"2670","Nadira",0
"2671","Nahuel",1
"2672","Naiara",0
"2673","Naila",0
"2674","Najat",0
"2675","NaKi",1
"2676","Nan",0
"2677","Nana",0.415
"2678","Nancy",0.0019
"2679","Nandi",0
"2680","Nandy",0
"2681","Nani",0
"2682","Narciso",1
"2683","Nat",1
"2684","natali",0
"2685","Natalia",8e-04
"2686","natalia",8e-04
"2687","Natalie",0.0013
"2688","Natalio",1
"2689","natalio",1
"2690","Natanael",1
"2691","Natasha",6e-04
"2692","Nathan",0.9981
"2693","Nathaniel",0.998
"2694","Natividad",0.2964
"2695","Natural",0
"2696","Nature",0.2784
"2697","Navarre",1
"2698","Naveed",1
"2699","Navia",0
"2700","Nawal",0
"2701","Nayra",0
"2702","Nazareth",0.5832
"2703","Neal",1
"2704","nefertari",0
"2705","nefertiti",0
"2706","Nefertiti",0
"2707","neftali",0.759
"2708","Neiva",0
"2709","Nel",0
"2710","nela",0
"2711","Nela",0
"2712","nelson",0.9991
"2713","Nelson",0.9991
"2714","Nemesio",1
"2715","NEMESIS",0
"2716","NEO",1
"2717","Neo",1
"2718","neo",1
"2719","NereA",0
"2720","Nerea",0
"2721","Nereida",0
"2722","Nero",1
"2723","Nery",0.9013
"2724","Nesta",0.7793
"2725","Nestor",1
"2726","Neville",1
"2727","Neyda",0
"2728","Ni",0
"2729","NI",0
"2730","ni",0
"2731","Nicanor",1
"2732","Nicholas",0.9981
"2733","Nick",1
"2734","Nico",0.9278
"2735","nicodemo",1
"2736","Nicol",0
"2737","Nicolas",0.9987
"2738","nicolas",0.9987
"2739","NICOLAS",0.9987
"2740","Nicole",0.002
"2741","Nieve",0
"2742","Nieves",0.1305
"2743","nieves",0.1305
"2744","Nika",0.007
"2745","Nike",0.6718
"2746","Nikita",0.3548
"2747","Nikki",0.0217
"2748","Niko",0.9594
"2749","Nikola",0.861
"2750","nikolai",1
"2751","Nikolay",1
"2752","Nil",1
"2753","Nilo",1
"2754","Nimrod",1
"2755","Nina",0
"2756","nina",0
"2757","Nini",0
"2758","Nino",0.9771
"2759","Nira",0
"2760","Nirvana",0
"2761","Nita",0
"2762","Niurka",0
"2763","Nixon",0.9426
"2764","Niza",0
"2765","no",0.4425
"2766","No",0.4425
"2767","NO",0.4425
"2768","Noa",0.2681
"2769","NOAH",0.9953
"2770","NOAM",0.8748
"2771","Noble",0.9689
"2772","Noe",0.9762
"2773","noe",0.9762
"2774","NOE",0.9762
"2775","NOEL",0.7508
"2776","Noel",0.7508
"2777","NoeL",0.7508
"2778","Noela",0
"2779","Noelia",0
"2780","noelia",0
"2781","noema",0
"2782","Noemi",0
"2783","noemi",0
"2784","Nona",0
"2785","Noni",0
"2786","NORA",3e-04
"2787","Nora",3e-04
"2788","Norberto",1
"2789","Norma",0
"2790","norma",0
"2791","Norman",1
"2792","not",1
"2793","Nou",0
"2794","Nova",0.1295
"2795","Novia",0
"2796","nozomi",0
"2797","Nuno",1
"2798","Nur",0.2715
"2799","NUR",0.2715
"2800","Nuri",0.6074
"2801","nuri",0.6074
"2802","Nuria",0
"2803","nuria",0
"2804","NURIA",0
"2805","NY",0
"2806","Obed",1
"2807","Obi",1
"2808","Octavio",1
"2809","octavio",1
"2810","Odette",0
"2811","Odin",1
"2812","Ofelia",0
"2813","ofelia",0
"2814","Ola",0
"2815","Ole",1
"2816","Olegario",1
"2817","Olga",0
"2818","olga",0
"2819","OLGA",0
"2820","Oli",1
"2821","Olimpia",0
"2822","Oliva",0
"2823","Oliver",0.9981
"2824","oliver",0.9981
"2825","Olivia",0.0013
"2826","olivia",0.0013
"2827","Olivier",1
"2828","OM",1
"2829","Oman",1
"2830","Omar",0.9979
"2831","omar",0.9979
"2832","omayra",0
"2833","Omri",0.9809
"2834","Ona",0
"2835","Ontario",1
"2836","Onyx",0.6596
"2837","Ori",0.8609
"2838","Oriana",0
"2839","Orlando",1
"2840","orlando",1
"2841","Osbaldo",1
"2842","OSCAR",0.9975
"2843","Oscar",0.9975
"2844","oscar",0.9975
"2845","Osiris",0.5995
"2846","oskar",1
"2847","Oskar",1
"2848","OSKAR",1
"2849","Oswaldo",1
"2850","Otto",1
"2851","Ousman",1
"2852","Ovidio",1
"2853","Ozzy",1
"2854","Pa",0
"2855","Pablito",1
"2856","Pablo",0.9996
"2857","PABLO",0.9996
"2858","pablo",0.9996
"2859","PACO",1
"2860","Paco",1
"2861","paco",1
"2862","Pal",0.3571
"2863","Palma",0
"2864","PALMIRA",0
"2865","Paloma",0
"2866","PALOMA",0
"2867","paloma",0
"2868","pamela",8e-04
"2869","Pamela",8e-04
"2870","PANCHO",1
"2871","Pancho",1
"2872","Pandora",0
"2873","Pantera",0
"2874","pantera",0
"2875","Paola",0.0031
"2876","paolo",1
"2877","Paolo",1
"2878","papa",1
"2879","Papa",1
"2880","PAR",0
"2881","Paris",0.0827
"2882","Parker",0.8757
"2883","Pascual",1
"2884","PASCUAL",1
"2885","Pastor",1
"2886","Pat",1
"2887","Pater",1
"2888","Patria",0
"2889","Patricia",0.0013
"2890","patricia",0.0013
"2891","PATRICIA",0.0013
"2892","patricio",1
"2893","Patricio",1
"2894","Patrick",0.9983
"2895","Patrik",1
"2896","Patton",0.8855
"2897","Patty",0
"2898","Pau",1
"2899","pau",1
"2900","Paul",0.9987
"2901","Paula",0.0076
"2902","PAULA",0.0076
"2903","Paulina",0
"2904","paulino",1
"2905","Paulino",1
"2906","Paulo",1
"2907","pavlo",1
"2908","Pax",1
"2909","Paz",0.2132
"2910","paz",0.2132
"2911","PAZ",0.2132
"2912","Pedro",0.9993
"2913","pedro",0.9993
"2914","PEDRO",0.9993
"2915","Peggy",0
"2916","Penelope",0
"2917","Penny",0
"2918","Pepe",1
"2919","PEPE",1
"2920","pepe",1
"2921","Pepper",0.102
"2922","Per",1
"2923","per",1
"2924","Percival",1
"2925","Percy",1
"2926","Perez",1
"2927","Perfecto",1
"2928","Peri",0
"2929","Pericles",1
"2930","pericles",1
"2931","PERICLES",1
"2932","Peris",0
"2933","Perla",0
"2934","Perlita",0
"2935","Perry",0.8452
"2936","Pete",1
"2937","Peter",0.9992
"2938","peter",0.9992
"2939","Petr",1
"2940","Petra",0
"2941","Petros",1
"2942","Petrus",1
"2943","Phenix",0.618
"2944","philip",1
"2945","Philippe",1
"2946","phoenix",0.6187
"2947","Piedad",0
"2948","piedad",0
"2949","pier",1
"2950","Pier",1
"2951","Pierre",1
"2952","Pietro",1
"2953","PILAR",0.0177
"2954","pilar",0.0177
"2955","Pilar",0.0177
"2956","pink",0
"2957","Piotr",1
"2958","Pita",1
"2959","Poe",1
"2960","Pol",1
"2961","pol",1
"2962","Polo",1
"2963","Poppi",0
"2964","Portia",0
"2965","Poseidon",1
"2966","prince",1
"2967","Prince",1
"2968","Princesa",0
"2969","Princess",0
"2970","Priscila",0
"2971","Prophet",1
"2972","Prosper",1
"2973","Prudencio",1
"2974","Que",1
"2975","Ra",0.8163
"2976","ra",0.8163
"2977","rachel",0.0015
"2978","Rachel",0.0015
"2979","Radu",1
"2980","RAE",0.0412
"2981","rafa",0.3599
"2982","Rafa",0.3599
"2983","RAFA",0.3599
"2984","Rafael",0.9968
"2985","rafael",0.9968
"2986","RAFAEL",0.9968
"2987","Rafaela",0
"2988","Rafaella",0
"2989","Rafel",1
"2990","rafel",1
"2991","rafi",1
"2992","Rafi",1
"2993","Ragnar",1
"2994","ragnar",1
"2995","rai",0.722
"2996","Rai",0.722
"2997","raider",1
"2998","Raimon",1
"2999","RAIMON",1
"3000","Raimundo",1
"3001","RAIMUNDO",1
"3002","Raisa",0
"3003","rajat",1
"3004","Rakel",0
"3005","Ralph",1
"3006","Ram",1
"3007","ram",1
"3008","Rama",0.0404
"3009","Raman",1
"3010","Rami",0.9704
"3011","Ramir",1
"3012","ramir",1
"3013","Ramiro",1
"3014","RAMIRO",1
"3015","Ramis",1
"3016","Ramon",1
"3017","ramon",1
"3018","RAMON",1
"3019","Ramona",0
"3020","Ramsay",0.8856
"3021","Ran",1
"3022","Randall",0.9964
"3023","Randi",0.0555
"3024","Ranita",0
"3025","Raphael",0.9987
"3026","Raquel",6e-04
"3027","raquel",6e-04
"3028","RAQUEL",6e-04
"3029","ras",1
"3030","Ras",1
"3031","raul",0.9984
"3032","Raul",0.9984
"3033","RAUL",0.9984
"3034","Rawson",1
"3035","Ray",0.9913
"3036","Raymundo",1
"3037","Raysa",0
"3038","RC",1
"3039","Read",1
"3040","real",0.5775
"3041","Real",0.5775
"3042","REAL",0.5775
"3043","Reality",0
"3044","Rebeca",0
"3045","REBECA",0
"3046","Rebeka",0
"3047","Rebel",0.6964
"3048","Red",1
"3049","RED",1
"3050","Reed",0.9655
"3051","Regen",0
"3052","Regina",0
"3053","regina",0
"3054","Regino",1
"3055","Rein",0.6563
"3056","Reina",0
"3057","reinaldo",1
"3058","Reino",1
"3059","Reis",0.8515
"3060","Reme",1
"3061","Remedios",0
"3062","Remi",0.241
"3063","Remigio",1
"3064","Remo",1
"3065","Remy",0.562
"3066","Rene",0.92
"3067","Rey",1
"3068","Reyes",0.9836
"3069","reyes",0.9836
"3070","REYES",0.9836
"3071","ReyMundo",1
"3072","Ric",1
"3073","Ricardo",0.9986
"3074","ricardo",0.9986
"3075","RICARDO",0.9986
"3076","Richard",0.998
"3077","Richi",1
"3078","Rick",1
"3079","Ricky",0.9902
"3080","Rider",1
"3081","rik",1
"3082","Rikardo",1
"3083","RIKI",0.5159
"3084","Rilo",1
"3085","Rio",0.5717
"3086","Rip",1
"3087","Ripley",0.2115
"3088","risa",0
"3089","rita",0
"3090","Rita",0
"3091","RJ",1
"3092","Rob",1
"3093","robben",1
"3094","robbie",0.7755
"3095","ROBERT",0.9984
"3096","Robert",0.9984
"3097","robert",0.9984
"3098","Roberto",0.9983
"3099","roberto",0.9983
"3100","ROBERTO",0.9983
"3101","Robin",0.3177
"3102","Roc",1
"3103","Rocio",0.0022
"3104","ROCIO",0.0022
"3105","rocio",0.0022
"3106","Rock",1
"3107","rocky",1
"3108","Rod",1
"3109","rodin",1
"3110","Rodion",1
"3111","rodolfo",1
"3112","Rodolfo",1
"3113","Rodrigo",1
"3114","rodrigo",1
"3115","Rodriguez",1
"3116","Rogelio",1
"3117","ROGELIO",1
"3118","Roger",1
"3119","roger",1
"3120","Rogue",0.3031
"3121","Roi",1
"3122","ROLANDO",1
"3123","Rolando",1
"3124","roma",0.0094
"3125","Roman",0.9965
"3126","roman",0.9965
"3127","Romeo",1
"3128","Romi",0.0651
"3129","Romina",0
"3130","Rommy",1
"3131","romualdo",1
"3132","Ron",1
"3133","Ronald",1
"3134","Ronda",0
"3135","Rony",1
"3136","Roque",1
"3137","Rosa",0.002
"3138","rosa",0.002
"3139","ROSA",0.002
"3140","Rosalba",0
"3141","Rosalia",0
"3142","ROSALIA",0
"3143","Rosamaria",0
"3144","RosaMaria",0
"3145","rosamaria",0
"3146","Rosana",0
"3147","Rosanna",0
"3148","Rosario",0.1707
"3149","ROSARIO",0.1707
"3150","rosario",0.1707
"3151","Rosaura",0
"3152","rosaura",0
"3153","Rose",0
"3154","Rosella",0
"3155","Rosendo",1
"3156","Rosetta",0
"3157","Rosi",0
"3158","ROSINA",0
"3159","Rosina",0
"3160","Ross",0.9956
"3161","Rosy",0
"3162","Roy",1
"3163","ROY",1
"3164","Rua",0
"3165","Ruben",0.9987
"3166","ruben",0.9987
"3167","Rubens",1
"3168","Rubio",1
"3169","Rudi",0.5306
"3170","Rudy",0.976
"3171","Rufino",1
"3172","rufino",1
"3173","Rufus",1
"3174","Rupert",1
"3175","Ruperto",1
"3176","Rus",0
"3177","Russ",1
"3178","Russell",0.9989
"3179","Rut",0
"3180","Ruta",0
"3181","Ruth",4e-04
"3182","RUTH",4e-04
"3183","ruth",4e-04
"3184","Ryan",0.9632
"3185","RYCE",1
"3186","Ryuu",1
"3187","Sabela",0
"3188","Sabina",0
"3189","Sabino",1
"3190","Sabrina",8e-04
"3191","Sadio",0
"3192","SAE",0
"3193","Safira",0
"3194","sagrario",0
"3195","Sagrario",0
"3196","Saila",0
"3197","Saile",0
"3198","Saimon",1
"3199","Saja",0
"3200","Sakira",0
"3201","Saleh",1
"3202","Sally",0
"3203","sally",0
"3204","Salomon",1
"3205","Salud",1
"3206","SALUD",1
"3207","Salvador",0.9994
"3208","salvador",0.9994
"3209","SALVADOR",0.9994
"3210","Salvatore",1
"3211","Sam",0.9816
"3212","sam",0.9816
"3213","SAM",0.9816
"3214","SaM",0.9816
"3215","Samantha",0.0012
"3216","SamAr",0.4976
"3217","Samba",1
"3218","Samer",1
"3219","Sami",0.8423
"3220","samira",0
"3221","Samuel",0.9981
"3222","SAMUEL",0.9981
"3223","samuel",0.9981
"3224","San",0.6604
"3225","san",0.6604
"3226","SAN",0.6604
"3227","sanchez",1
"3228","Sander",1
"3229","Sandi",0.0189
"3230","Sandor",1
"3231","Sandra",0.0019
"3232","sandra",0.0019
"3233","Sandro",1
"3234","Sandy",0.0568
"3235","Sani",0.1797
"3236","Sanja",0
"3237","Santa",0
"3238","Santi",0.6441
"3239","santi",0.6441
"3240","SANTI",0.6441
"3241","Santiago",0.9986
"3242","SANTIAGO",0.9986
"3243","santiago",0.9986
"3244","Santo",1
"3245","Santos",0.9826
"3246","SANTOS",0.9826
"3247","Santy",1
"3248","santy",1
"3249","Sara",0.0016
"3250","sara",0.0016
"3251","SARA",0.0016
"3252","Sarah",0.0016
"3253","Saray",0
"3254","Sarim",1
"3255","Sarita",0
"3256","Saro",1
"3257","Sasha",0.034
"3258","Satara",0
"3259","Satori",0.05
"3260","Saturnino",1
"3261","Saul",0.999
"3262","SauL",0.999
"3263","Saulo",1
"3264","Sayuri",0
"3265","scarlett",6e-04
"3266","scott",0.9997
"3267","Scotty",1
"3268","Sean",0.9955
"3269","Seba",0
"3270","Sebastian",0.9976
"3271","sebastian",0.9976
"3272","Sebastien",1
"3273","Secundino",1
"3274","Segundo",1
"3275","Seila",0
"3276","Sela",0
"3277","Selena",0.0014
"3278","Selina",0
"3279","Sema",0
"3280","Sensi",0
"3281","Sera",0
"3282","serafin",1
"3283","Serafin",1
"3284","Serapio",1
"3285","Serena",0
"3286","Serge",1
"3287","Sergei",1
"3288","sergi",1
"3289","Sergi",1
"3290","SERGI",1
"3291","Sergio",0.9985
"3292","sergio",0.9985
"3293","SERGIO",0.9985
"3294","Serious",1
"3295","Serra",0
"3296","servando",1
"3297","Servando",1
"3298","Set",1
"3299","Seve",1
"3300","seve",1
"3301","Severiano",1
"3302","Severino",1
"3303","Sevilla",0
"3304","SEVILLA",0
"3305","Sheila",0
"3306","sheila",0
"3307","Sheldon",0.9909
"3308","shelly",0.0078
"3309","Sheriff",1
"3310","Sherlock",1
"3311","Sheyla",0
"3312","Shimon",1
"3313","Shinnosuke",1
"3314","Shira",0
"3315","Shirley",0
"3316","shooter",1
"3317","Si",0.682
"3318","SI",0.682
"3319","Siena",0
"3320","Sierra",0.0014
"3321","Sigmund",1
"3322","Sikander",1
"3323","Silvana",0
"3324","SILVESTRE",1
"3325","silvestre",1
"3326","Silvi",0
"3327","Silvia",0
"3328","silvia",0
"3329","SILVIA",0
"3330","Silvie",0
"3331","Silvino",1
"3332","Simon",0.9985
"3333","Simy",0
"3334","Sina",0.4412
"3335","Sion",0.8202
"3336","Sir",1
"3337","SIR",1
"3338","Sira",0
"3339","Sirena",0
"3340","Sirius",1
"3341","Sisco",1
"3342","SISI",0
"3343","Sita",0
"3344","Sixto",1
"3345","SJ",1
"3346","Ski",0
"3347","skip",1
"3348","Snow",0
"3349","Socrates",1
"3350","SOCRATES",1
"3351","Sofia",9e-04
"3352","sofia",9e-04
"3353","Sol",0.3165
"3354","sol",0.3165
"3355","solangel",0
"3356","Sole",0
"3357","Soledad",0
"3358","soledad",0
"3359","Solimar",0
"3360","Solo",1
"3361","SOM",1
"3362","Som",1
"3363","somI",0
"3364","Son",1
"3365","Sona",0
"3366","SONIA",0
"3367","Sonia",0
"3368","sonia",0
"3369","Sonic",1
"3370","Sonny",0.9426
"3371","Sonrisa",0
"3372","Sony",1
"3373","Sonya",0
"3374","Sophi",0
"3375","sophie",8e-04
"3376","Sophie",8e-04
"3377","soraya",0
"3378","Soraya",0
"3379","Sosuke",1
"3380","Sota",1
"3381","SOTERO",1
"3382","Stark",1
"3383","Stas",1
"3384","steely",0
"3385","Stefan",1
"3386","Stefania",0
"3387","Stefano",1
"3388","stefano",1
"3389","Stella",8e-04
"3390","Stephanie",0.0019
"3391","Stephany",0
"3392","Steve",1
"3393","steven",0.9979
"3394","stewart",1
"3395","Stuart",1
"3396","Su",0
"3397","Sue",0
"3398","Sui",0
"3399","Suki",0
"3400","Sultan",1
"3401","sultan",1
"3402","Sunny",0.3145
"3403","suri",0
"3404","Susan",0.001
"3405","Susana",0
"3406","SUSANA",0
"3407","susana",0
"3408","Susanna",0
"3409","SUSANNA",0
"3410","susanna",0
"3411","Susej",0
"3412","susi",0
"3413","Susi",0
"3414","Susy",0
"3415","Suzana",0
"3416","Suzanne",0
"3417","Sven",1
"3418","Svetlana",0
"3419","Sweet",0
"3420","SYDNEY",0.0108
"3421","Syed",0.9973
"3422","Sylas",0.9973
"3423","Sylver",0.1264
"3424","SYLVi",0
"3425","Sylvia",0
"3426","Sylvie",0
"3427","Sylwia",0
"3428","Ta",0.4808
"3429","Tadeo",1
"3430","Tailer",0
"3431","Tais",0
"3432","Taite",0.5695
"3433","Takumi",1
"3434","tal",0.6415
"3435","Tal",0.6415
"3436","Taler",0
"3437","Talita",0
"3438","Tam",0.5324
"3439","Tamara",8e-04
"3440","Tammy",0
"3441","Tana",0
"3442","Tani",0
"3443","TANIA",0
"3444","Tania",0
"3445","tania",0
"3446","Tano",1
"3447","Tanzania",0
"3448","Tarek",1
"3449","Taryn",0.0328
"3450","Tasia",0
"3451","Tatiana",0
"3452","tatiana",0
"3453","Tavo",1
"3454","Tayo",1
"3455","TAZ",1
"3456","Te",0
"3457","te",0
"3458","Ted",1
"3459","Telma",0
"3460","Teo",1
"3461","teo",1
"3462","Teodor",1
"3463","Teodoro",1
"3464","Tere",0
"3465","tere",0
"3466","Teresa",0
"3467","teresa",0
"3468","TERESA",0
"3469","Teresita",0
"3470","teri",0
"3471","TERRA",0
"3472","Terry",0.9572
"3473","terry",0.9572
"3474","Tesa",0
"3475","Tessa",4e-04
"3476","Thais",0
"3477","Thania",0
"3478","Theo",0.9975
"3479","Theodora",0
"3480","Theresa",0
"3481","Theressa",0
"3482","Thiago",1
"3483","Thomas",0.9984
"3484","Thor",1
"3485","THOR",1
"3486","Ti",1
"3487","Tierra",0
"3488","Tila",0
"3489","Timothy",0.998
"3490","Tina",0
"3491","tina",0
"3492","Tino",1
"3493","tino",1
"3494","Tita",0
"3495","tita",0
"3496","Titania",0
"3497","Tito",1
"3498","tito",1
"3499","TITO",1
"3500","Titus",1
"3501","Tobias",1
"3502","Tom",1
"3503","Toma",1
"3504","Tomas",1
"3505","tomas",1
"3506","tomasa",0
"3507","Tomi",0.1337
"3508","Tommy",0.9928
"3509","tommy",0.9928
"3510","Tomy",1
"3511","Ton",1
"3512","tona",0
"3513","Tona",0
"3514","Tonantzin",0
"3515","Toni",0.0403
"3516","TONI",0.0403
"3517","toni",0.0403
"3518","tonia",0
"3519","Tony",0.9937
"3520","tony",0.9937
"3521","Tori",0.0162
"3522","Torre",0.5959
"3523","TORRES",1
"3524","Toy",1
"3525","Travis",0.999
"3526","TREAT",1
"3527","Tren",1
"3528","Trent",0.9997
"3529","tressa",0
"3530","Trevor",0.998
"3531","Trey",0.9992
"3532","Tri",1
"3533","triana",0
"3534","Triana",0
"3535","trina",0
"3536","Trina",0
"3537","Trini",0
"3538","Trinidad",0.6472
"3539","Trinity",0.0133
"3540","Trino",1
"3541","Tristan",0.9589
"3542","Troy",0.9945
"3543","Truc",0.0655
"3544","Truman",1
"3545","Trust",0.7622
"3546","Tu",0.8784
"3547","tu",0.8784
"3548","TU",0.8784
"3549","tulip",0
"3550","Turner",0.9605
"3551","TYR",1
"3552","Tyrion",1
"3553","TYRON",1
"3554","Uber",1
"3555","ULISES",0.999
"3556","ulises",0.999
"3557","Ulises",0.999
"3558","Ulyses",1
"3559","ulysses",1
"3560","Uma",0
"3561","Umberto",1
"3562","Una",0
"3563","una",0
"3564","UNA",0
"3565","Unknown",0.5356
"3566","Urbano",1
"3567","Uri",0.9025
"3568","URI",0.9025
"3569","Uriel",0.9875
"3570","Ursula",0
"3571","ursula",0
"3572","Utah",1
"3573","Vader",1
"3574","val",1
"3575","Val",1
"3576","Valen",0.7961
"3577","Valencia",0
"3578","valencia",0
"3579","VALENCIA",0
"3580","Valentin",1
"3581","valentin",1
"3582","Valentina",5e-04
"3583","Valeri",0
"3584","Valeria",0.0017
"3585","Valerian",1
"3586","Valery",0
"3587","Van",0.937
"3588","Vanesa",0
"3589","Vanessa",0.0014
"3590","vanessa",0.0014
"3591","Vania",0
"3592","Vaya",0
"3593","Vega",0.1317
"3594","Vegas",0.5538
"3595","Vela",0
"3596","VeLa",0
"3597","Ventura",1
"3598","Vera",0
"3599","VeraLynn",0
"3600","Veronica",0.001
"3601","veronica",0.001
"3602","Vi",0
"3603","VIA",0
"3604","Vic",1
"3605","Vicent",1
"3606","vicent",1
"3607","Vicenta",0
"3608","vicenta",0
"3609","Vicente",1
"3610","vicente",1
"3611","VICENTE",1
"3612","Vick",1
"3613","vicky",0.0035
"3614","Vicky",0.0035
"3615","VICKY",0.0035
"3616","VICTOR",0.9976
"3617","Victor",0.9976
"3618","victor",0.9976
"3619","ViCtOr",0.9976
"3620","Victoria",0.0014
"3621","victoria",0.0014
"3622","Victoriano",1
"3623","victorino",1
"3624","Victorio",1
"3625","Vida",0
"3626","Vidal",1
"3627","Vidushi",0
"3628","Viki",0
"3629","Viktor",1
"3630","viktor",1
"3631","Viky",0
"3632","Vilma",0
"3633","Vin",1
"3634","vince",1
"3635","Vincent",0.9984
"3636","vincent",0.9984
"3637","Violet",0
"3638","Violeta",0
"3639","VIOLETA",0
"3640","violeta",0
"3641","Vir",1
"3642","Virgilio",1
"3643","virgilio",1
"3644","Virginia",0
"3645","virginia",0
"3646","VISION",0
"3647","Vito",1
"3648","Vitor",1
"3649","vitoria",0
"3650","VIVA",0
"3651","Viva",0
"3652","viva",0
"3653","vivi",0
"3654","Vivi",0
"3655","Vivian",0.0014
"3656","viviana",5e-04
"3657","Viviana",5e-04
"3658","VLAD",1
"3659","vlad",1
"3660","Vladimir",1
"3661","VLADIMIR",1
"3662","Von",1
"3663","Waldo",1
"3664","Wallace",0.9934
"3665","Wally",1
"3666","Walter",1
"3667","walter",1
"3668","Warner",0.9909
"3669","Wayden",1
"3670","Weber",1
"3671","Werner",1
"3672","West",1
"3673","Wilfredo",1
"3674","Wilian",1
"3675","Will",1
"3676","Willi",1
"3677","William",0.9982
"3678","WILLIAM",0.9982
"3679","Williams",1
"3680","Willie",0.9969
"3681","Willow",0.007
"3682","Willy",1
"3683","WILLY",1
"3684","Wilma",0
"3685","wilma",0
"3686","Wilson",0.9946
"3687","WILY",1
"3688","winnie",0
"3689","Winston",1
"3690","winter",0.0685
"3691","Winter",0.0685
"3692","Wojciech",1
"3693","Wolf",1
"3694","wolf",1
"3695","Wolfgang",1
"3696","xabi",1
"3697","Xabi",1
"3698","Xabier",1
"3699","XABIER",1
"3700","xabier",1
"3701","Xan",1
"3702","Xana",0
"3703","xana",0
"3704","xanti",1
"3705","xavi",0.9934
"3706","Xavi",0.9934
"3707","XAVI",0.9934
"3708","xaVi",0.9934
"3709","XaVi",0.9934
"3710","Xavier",0.9971
"3711","xavier",0.9971
"3712","XAVIER",0.9971
"3713","xaVier",0.9971
"3714","XaVier",0.9971
"3715","Xena",0
"3716","Xenia",0
"3717","Xian",0.6753
"3718","Xiani",0
"3719","Xiao",0
"3720","ximena",0
"3721","Xuan",0
"3722","xuan",0
"3723","YA",0
"3724","Ya",0
"3725","Yago",1
"3726","yago",1
"3727","YaHaiRa",0
"3728","Yair",1
"3729","Yaiza",0
"3730","yaiza",0
"3731","Yakelin",0
"3732","Yakov",1
"3733","yamile",0
"3734","Yan",0.8379
"3735","Yann",1
"3736","Yannick",1
"3737","Yara",0
"3738","Yasmin",0.001
"3739","Yasmina",0
"3740","Yaya",1
"3741","Yeimy",0
"3742","Yelitza",0
"3743","Yeray",0.9375
"3744","YERAY",0.9375
"3745","Yessica",0
"3746","Ylenia",0
"3747","Yo",0
"3748","yo",0
"3749","YO",0
"3750","yoan",1
"3751","Yoel",1
"3752","YOJHAN",1
"3753","Yoko",0
"3754","Yolanda",0
"3755","yolanda",0
"3756","YOLANDA",0
"3757","Yoli",0
"3758","Yolotzin",0
"3759","yon",1
"3760","Yon",1
"3761","Yoni",1
"3762","yonny",1
"3763","Yosef",1
"3764","Yossi",1
"3765","You",1
"3766","Younes",1
"3767","Youssef",1
"3768","Yoyo",0
"3769","Ysabel",0
"3770","YSIDRO",1
"3771","Yuki",0.3623
"3772","Yuli",0
"3773","Yulia",0
"3774","Yuri",0.3704
"3775","Yves",1
"3776","Yvette",0
"3777","Zac",1
"3778","Zacarias",1
"3779","zack",1
"3780","Zaida",0
"3781","Zali",0
"3782","Zamora",0
"3783","Zan",1
"3784","Zara",0
"3785","zara",0
"3786","Zed",1
"3787","Zelda",0
"3788","Zelig",1
"3789","Zen",0.8463
"3790","zena",0
"3791","zenaida",0
"3792","Zeta",0
"3793","Zeus",1
"3794","ziggy",1
"3795","Zoe",0.0028
"3796","ZOI",0
"3797","Zola",0
"3798","Zoltan",1
"3799","Zoraida",0
"3800","Zulay",0
"3801","Zulema",0
"3802","zulema",0
"3803","Zuri",0.0946
"3804","Zuzana",0
