1.0;1;1;@DcaValle @SAT_tienda Donde los robas y pegas a las dependientas maricon de mierda . Si hubiera justicia te ibas a pasear t√∫ , pudremita , vago sucio , pero cazador . Que ejemplo , no me estra√±a que Andalucia este asi , con sinverguenzas como este que le votan . A TRABAJAR_MALEANTE .
-1.0;1;1;@amonterosoler @fatimaempleo Bueno como diputado y como economista . Pesimo_SG_de_el_CCM_Malaga
1.0;1;0;@ccifuentes A_pesar_de ti cumplen xq son profesionales responsables . Asi , pues no t apuntes el tanto . . ya t conocemos falsa arpia .
1.0;-1;-1;@rosalcoy @monicaoltra Ostres , ves i estudia ... es tracta de comprensi√≥ lectora . No parlem d'idees pol√≠tiques .
1.0;1;0;Por_supuesto es ‚Äú ha comenzado ‚Äù üôà
1.0;1;1;@LuisFuentesCs @CiudadanosCs Pero mantienen a el gobierno m√°s rancio de toda EUROPA ... https://t.co/9FoSLKvpbv
1.0;1;0;@asierantona Yo lo que espero que en el pr√≥ximo a√±o , tengamos un presidente de el PP en Canarias que no mienta y que tenga m√°s cintura pol√≠tica . Un presidente que no tenga a el PP_de_Canarias en GAYUMBOS https://t.co/eq4ZuwUDfu
-1.0;1;-1;@QuintanillaCarm @mdcospedal A ver si es verdad .
1.0;1;1;@carlesral @cupnacional Demaneu ‚Äú comprom√≠s ‚Äù pero de mientras a apoyarles otra vez a formar gobierno . üòÇ üòÇ üòÇ
-1.0;1;0;@amonterosoler @Podemos_AND LO_QUE_NOI_SE_COMPRENDE_ES_QUE_UN_BANCO_NAZIONALIZADO , SUS_DIRECTIVOS_COBREN_SUELDO_DESPROPOSITADOS , ES_UNA_VERGUENZA , CUANDO_CONPRENDEREMOS_QUE_SOLO_NOS_ESTAFAN .
-1.0;1;1;@CsFernavarro @VCAM63 Fascistas llamando fascistas a sus v√≠ctimas . Eso es lo que son esta gentuza .
-1.0;1;0;@RafaCatalaPolo @elpais_tec √ìsea se unen contra el A_POR_ELLOS y contra la violencia policial de el 1_de_octubre y contra la cueva de ladrones y corruptos que es el PP y contra la utilizaci√≥n de jueces como MARIONETAS
1.0;1;1;@ximopuig Ximo subnormal torna't a Morella i xapa , que callaet eres mes guapo
1.0;-1;-1;@isabelbonig Y cuando se esta en el otro lado m√°s a√∫n , Espa√±a es generosa en todo . Dona Vida .
1.0;1;-1;@TeresaRodr_ Gilipollas
1.0;-1;1;@LopezMirasF Despu√©s_de agradecer la gesti√≥n y el esfuerzo que realiz√°is , voy a reiterar mi malestar y digo reiterar puesto que desde hace a√±os , en repetidas ocasiones he pedido que se comunique e invite a todos los municipios de la regi√≥n a √©stas reuniones , no solo a el taxi San_Javier üöï
1.0;1;1;@franferri_ Demaneu que tornen els dines de el pruc√©s tamb√© ja que estem , aixina ja que heu tornen tot #TodosAUna
1.0;-1;1;@Albiol_XG @Albert_Rivera No necesita nuestro apoyo para el subgrupo , solo para la pasta ... Verdad üòé üòé https://t.co/R2URY3WHyJ
1.0;-1;0;@JA_DelgadoRamos @jusapol Y esta declaraci√≥n es como Guardia_Civil en excedencia o como diputado de Podemos , porque son cosas que deber√≠an ser antagonistas . Yo jam√°s ir√≠a de_la_mano_de quien alaba y defiende a alguien que mat√≥ a un compa√±ero . Demasiada demagogia y fotos para la galer√≠a .
1.0;-1;-1;@abeltran_ana @PPopular Abuso_de_el_Euskera ? Eing ?
-1.0;-1;0;@IsabelPodemos @JA_DelgadoRamos Siempre_GRACIAS ! !
1.0;1;-1;@isaserras @ccifuentes Estaria bien saber si mando los datos , por_si_acaso si tiene a bien se los solicito , puede ud. enviarme esos datos ? , si necesita una cuenta de correo me lo traslada y se la hago llegar , estoy deseoso de estudiarlos seguro que son datos " rigurosos " y avalados por ... faes ? .
1.0;1;0;@DcaValle Adem√°s_de robado , me has salido fil√≥sofo . Ya has cumplido todas tus condenas ?
1.0;-1;1;@ximopuig Porque_SCC no desprecia el catal√°n ...
-1.0;1;1;@juanmarin_cs @Cs_Andalucia A_partir_de ahora o se puede alegar pasadas herencias ?
1.0;1;1;@DcaValle Adem√°s_de robado , me has salido fil√≥sofo . Ya has cumplido todas tus condenas ?
1.0;-1;1;@Alfonso160958 @MCarmenMoreno Insolidarios ? los pol√≠ticos sois vampiros no hac√©is + Q chupar de los cuatro k trabajan y a repartir a los 4 gandules q se acercan a C√°ritas
-1.0;1;0;@RosaliaGonzalo La 9B sigue cerrando a las 00h ... ¬ø D√≥nde est√° la homogenizaci√≥n de horarios ?
1.0;1;0;@juanmarin_cs LA_GRAN_IMBECILIDAD_SE_PODRA_CREER_A_ESTOS_ULTRAS_VIOLENTOS_DE_CIUDADANOS ... ? HAY_QUE_SER_IDIOTA_PARA_VOTAR_A_ESTA_CHUSMA https://t.co/kp1l9wU9pO
1.0;1;1;@GFVara Porque no prueba Ud , ahora que se van acercando elecciones , a sobrevivir durante 2 meses con 368_‚Ç¨ , pagando alquiler vivienda , agua , luz , gas , comida , medicinas que no entran en seguridad social , cambiarse los cristales de las gafas y arreglarse la boca . Le llega ? ?
1.0;-1;-1;@rosalcoy @monicaoltra Ostres , ves i estudia ... es tracta de comprensi√≥ lectora . No parlem d'idees pol√≠tiques .
1.0;1;1;@oriolamat @joseprull O sigui que marxin les empreses ... no passa res ...
-1.0;1;-1;@MCsanchezCs De traca ¬° ¬°
1.0;-1;1;@GLlamazares Llamazares_Le recuerdo que el President_de_la_Generalitat_Josep_Tarradellas fu√© investido President en M√©xico , mala memoria
-1.0;1;0;@herrerobono El respeto ha de tenerse a las personas , no a s√≠mbolos . Aunque en vuestro partido respet√°is m√°s a los s√≠mbolos que a las personas que desahuci√°is o ten√©is en el Hospital_de_La_Paz_de_Madrid en condiciones indignas . Menos respeto a banderas y m√°s a los ciudadanos , hip√≥crita .
1.0;1;0;@asierantona Yo lo que espero que en el pr√≥ximo a√±o , tengamos un presidente de el PP en Canarias que no mienta y que tenga m√°s cintura pol√≠tica . Un presidente que no tenga a el PP_de_Canarias en GAYUMBOS https://t.co/eq4ZuwUDfu
1.0;1;-1;@_Irene_Rivera El @PPopular se equivoca
-1.0;1;1;@pbustinduy Qu√© grupos ?
1.0;1;0;@RafaCatalaPolo @Congreso_Es https://t.co/ra7bk1RzIB Pero se dicen dem√≥cratas los herederos de el caudillo ...
-1.0;1;0;@MMAROTOVA @DGTes
1.0;-1;1;@herrerobono @ajterrassa A mi este cartel como persona y como mujer me parece un agravio y mucho asco
1.0;1;1;@AlbanoDante76 Mentira . Han podido botar ! !
1.0;1;1;@junqueras @martarovira Esta va a acabar tambi√©n en la Trena tiempo a el tiempo .
-1.0;1;0;@ekrica eso sera para asesorarlos para que cuando maltraten no dejen marcas , votar PP es votar machismo
1.0;1;1;@germanlogro @martaflich Otro pelotero
1.0;-1;1;@alberoliver @CercaniasMadrid No me creo una puta mierda
1.0;1;1;@MayoralRafa Rafa , que ya ha vuelto @Pablo_Iglesias_ , te toca volver a el dep√≥sito de objetos de_segunda_mano defectuosos
-1.0;-1;0;@LorenaRuiz_H @carlossmato Yo tambi√©n le apoy√≥ .
1.0;-1;-1;@yeyaboya Fas com els partits de PP portes giratores
1.0;1;1;Por_supuesto es ‚Äú ha comenzado ‚Äù üôà
-1.0;-1;1;@junqueras Confiem en tu !
-1.0;1;1;@RamonEspinar @eldiarioes Si como vuetra ideologia , lenin , stalin , gulas , dictadura comunista , ese es vuestro populismo , que placer tendriais e convertir espa√±a en corea de el norte , claro que si vais alli seriais felices totales , pero creo qu hasta de alli os echarian a patadas , po vividores de el cuento
1.0;-1;-1;@Eva_Granados T'has deixat l'Espadaler , reina ! https://t.co/PH6Zgqn1FG
1.0;1;1;@KRLS @Pdemocratacat Como han podido unos ciudadanos , aparentemente inteligentes no sopesar lo que se les estaba contando , sencillamente ver que en ese momento era imposible ni real . As√≠ es c√≥mo llegan los gobiernos s√°trapas , que f√°cil es destruir .
-1.0;1;1;@idlserna @aena Sr._Ministro cifra r√©cord gracias o por desgracia de todos los j√≥venes que han tenido que emigrar a otros pa√≠ses por las crisis neo liberales peri√≥dicas pagadas con dinero p√∫blico , empobrecen sistem√°ticamente a la poblaci√≥n . Rescates bancarios , sobres , refor . en B de sedes etc ! !
1.0;1;-1;@martapascal A #Tabarnia , aquells que cumpleixen la llei viuen tranquils . Els que no ho fan , responen davant la Just√≠cia . Aix√≠ doncs , tranquila ! ! üòÑ
1.0;1;1;@enricmorera Premio a el tonto de el a√±o .
1.0;1;1;@gerardgomezf @CarlesMundo El hombre m√°s cobarde q ha parido madre .
-1.0;1;1;@davidbonvehi @Pdemocratacat Tras asumir que la v√≠a unilateral no tiene sentido con el 47_% de los votos .
-1.0;1;-1;@anaponton Antidemocr√°tico foi relegar e marxinar √°s forzas pol√≠ticas da oposici√≥n , sustraer os m√°is b√°sicos dereitos os membros do Parlament , cambiar o seu reglamento , acortando os tempos e impedindo o dereito a enmenda e o debate parlamentario .
-1.0;-1;-1;@TeresaRodr_ Menuda prepotente educada , sola se define , que pena tener que pagar esos sueldazos esos privilegios a cosas as√≠ , a eso , hacer camas limpiar a un hospital a un hotel a cuidar personas mayores a mariscar etc , ¬ø que a hecho esa para llevar la vida tan dura que lleva , gracias complic
1.0;1;-1;@InesArrimadas No estando de_acuerdo_con nadie , de los dos extremos separatistas o monarquicos , pero conste que esa constituci√≥n franquista a la qu√© ella venera tampoco es imparcial
1.0;-1;1;@amonterosoler No tiene witos para ser de izquierdas y hablar claro
1.0;1;0;@isauralealf @PSOE Apoyar a el PP .............
1.0;1;0;@DcaValle @SAT_tienda Donde los robas y pegas a las dependientas maricon de mierda . Si hubiera justicia te ibas a pasear t√∫ , pudremita , vago sucio , pero cazador . Que ejemplo , no me estra√±a que Andalucia este asi , con sinverguenzas como este que le votan . A TRABAJAR_MALEANTE .
-1.0;1;-1;@RosaliaGonzalo La 9B sigue cerrando a las 00h ... ¬ø D√≥nde est√° la homogenizaci√≥n de horarios ?
1.0;1;0;@GFVara Perd√≥nale , esp√≠ritu de la Navidad , porque su mujer le apret√≥ demasiado la corbata y no le llegaba suficiente sangre a el cerebro . La culpa es de una mujer ‚Ä¶ ! Cuando deje la presidencia , volver√° a su ser .
1.0;1;1;@jcoscu @el_pais Coscubiela ten√≠a claro que eras r√©gimen de el 78.Gracias por confirmarlo .
-1.0;1;1;@IMendezdeVigo @culturagob para mi Espa√±a es una GRAN_MIERDA ... GOBERNADA_POR_UNA_PANDA_DE_MUERTOS_DE_HAMBRE_CON_GANAS_DE_OSTENTACI√ìN ... ESO_ES_JUSTO_LO_QUE_PIENSO . YO .... I√ëIGO_LE_DA_RECUERDOS_A_SU_FAMILIAR_DELINCUENTE_VIOLENTO_QUE_ANDA_SUELTO_GRACIAS_A_SUS_SICARIOS_EN_LA_JUSTICIA ... ESO_ES_ESPA√ëA
-1.0;-1;1;@sergiobarcelona Cu√°l es exactamente la funci√≥n de el palanganero ? Me interesa el origen de la palabra , no la usamos en Argentina .
-1.0;1;1;@FeijooGalicia @sanidadgob Si no lo vendieran como una terapia medicinal valida , bajo peregrinas teor√≠as pseudocientificas ya seria la hostia tu .
-1.0;-1;-1;@Eva_Granados Eva t√∫ " ere que ere " no ? ? ? ?
1.0;-1;1;@KRLS @sergipinkman Iros a Bruselas con el aqu√≠ no os queremos
1.0;-1;1;@MailloAntonio @iunida Que no se lo voy a permitir claro que importantes hoy pu√±eta con cuatro votos y medio que ten√©is no sab√≠a yo que no est√©n importante
-1.0;-1;1;@amonterosoler @Irene_Montero_ Pedro_S√°nchez cada vez m√°s patetico . .
-1.0;1;1;@jsolerCs @elpuntavui A el final . . si lo que quieren los ciudadanos es que no se haga nada √∫til en esta comunidad , y que se salten hasta sus propias leyes , que m√°s da si est√° presente o en el ciber espacio . . la ruina est√° asegurada . üòâ
1.0;-1;1;@gabrielrufian As√≠ es f√°cil Rufi√°n , muy f√°cil üòÑ üòÑ https://t.co/haqmnPmnR9
-1.0;1;1;@junqueras @martarovira Bueno , entonces no hace falta que salga vd . ¬ø No ?
-1.0;1;0;@juantri73 ¬° ¬° ¬° Cara dura este engendro , hay que tener poca verg√ºenza ! ! ! https://t.co/4VS5jerkDA
-1.0;1;1;@CsFernavarro @de_cabo ¬ø Como pretendes que se pueda atender a los ciudadanos si no entiendes su idioma ? Si te ofende mi lengua materna tal_vez sea porque has intentado construir tu estado sobre mi pa√≠s
1.0;1;1;@enricmorera Ala , continueu financiant concerts catalanistes com a el que va anar el concejal de la CUP a drogarse , que d'aix√≤ si que sabeu !
1.0;1;1;@ximopuig Botifler de el any .
1.0;1;1;@jcoscu Caldria no barrejar les coses , les movilitzacions han estat per fer Rep√∫blica_Catalana , i millor que els corruptes tornin els diners i vagin a la pres√≥ . Per√≤ tenim 4 persones a la pres√≤ per defensar les seves idees pol√≠tiques , i volem fer fora el 155 .
-1.0;-1;1;@pbustinduy El placer ser√° m√≠o . Sois bienvenidos todos los partidos pol√≠ticos . Es una cuesti√≥n de humanidad , que s√≥lo se puede resolver desde la pol√≠tica . Si me sigues , te mando mis datos de contacto por mensaje privado . Un saludo
-1.0;1;-1;@CiudadanaMartaR @CiudadanosCs PODEMOS_SON_PURA_ESCORIA ... UNOS_NINIS_CON_CARRERA_SINVERGUENZAS_QUE_NO_SABEN_NADA_DE_POLITICA ... AN_ENGANADO_A_MUCHA_GENTE_A_MI_ENTRE_ELLOS_PERO_SE_ACABO_JAMAS_LOS_VOLVERE_A_VOTAR ...
-1.0;1;1;@AlbanoDante76 Aplicado a los de el 155 : ... no hay mayor desprecio que no dar aprecio . Solo son necios arrogantes
1.0;1;-1;@abeltran_ana @PPopular Si t√∫ no respetas c√≥mo te van a respetar a ti
1.0;-1;1;@jmespejosaav Fora feixistes de el nostre parlament
-1.0;1;1;de si mateixos . Per√≤ la situaci√≥ d ‚Äô aquest hospital nou i extremadament gran √©s lamentable . ‚Äù
1.0;1;0;@gabrielrufian IN√öTIL .
1.0;1;-1;@TeresaRodr_ Vete_de_Podemos , esta muerto ,
-1.0;1;0;@ignacioaguado No tienen verg√ºenza , en todos los viejos partidos m√°s de lo mismo . La ciudadan√≠a espera mucho de vosotros , no hag√°is la AVESTRUZ si veis indicios en compa√±eros . EDIFICANTE
-1.0;-1;-1;@adrianadelgadoh @ForcadellCarme Toda la raz√≥n , es una se√±ora con dignidad y mas educaci√≥n que muchas de las que est√°n intentando meterse como sea en el gobierno catal√°n , se retira con un proceso judicial injusto a sus espaldas no como otros que con juicios por comisiones y fraudes siguen en su cargo
1.0;1;-1;@MonicaCompromis Creo que es la espontaneidad de una persona que est√° hasta las narices de la falsa democracia que predica su gobierno valenciano
1.0;-1;-1;@ccifuentes @ComunidadMadrid Cristina los turistas tambi√©n ven a la gente que duermen en los puentes que hay en la M30 eso s√≠ que es importante
-1.0;1;0;@martabosquet Una vez hecho el estudio de las p√©rdidas y da√±os me uno a la planificaci√≥n de Marta . Debe solicitarse seg√∫n se valore el concepto de situaci√≥n catastr√≥fica de la zona y que el gobierno central o auton√≥mico lo conceda dadas las p√©rdidas que habr√°n reca√≠do sobre los trabajadores .
1.0;1;-1;@ccifuentes @ElCascabelTRECE Sra._Cifuentes , no me extra√±a q Espa√±a vaya tan mal y seamos el pa√≠s m√°s inculto , con la referencia q tenemos de pol√≠ticos , jajaja Sra , Botella , Alcardesa d MADRID x el Morro , el Marido_Presidente , q hay q darle de comer a parte , Rajoylo est√° demostrando d√≠a a d√≠a y ustd m√°s d lo mismo
1.0;1;-1;@monicaoltra En valenci√† millor . En compte de cabrejar-te reconeix q se t ‚Äô ha escapat un mal comentari i potser moltes dones et valorariem millor
-1.0;1;1;@juanmarin_cs @Cs_Andalucia Lo que ten√©is que cambiar es la herencia para las personas que no son familiares .
-1.0;1;0;@sergiosayas Esto , si me gusta y opino como t√∫
-1.0;1;-1;@PatriciaReyesCs @Albert_Rivera Sobre todo sin sacrificar la econom√≠a de las clases media y altas
-1.0;1;1;@jcoscu @elpais_inter Son de la teva epoca eh coscu
1.0;1;0;@gabrielrufian Eso tambi√©n se arregla con 200_gramos de independencia y 125_gramos de iron√≠a barata . Y poniendo cara de ni√±o malo incomprendido
1.0;1;0;@JLambanM y la columna de aire a todo trapo seguro q es para conservar la pintura de el sarc√≥fago bien r√≠gida ‚Ä¶ bravo bravo https://t.co/jN7rLXUEqw
1.0;1;0;@RevillaMiguelA Felicite a los vecinos d #BooDePielagos k gracias_a @Viesgo_ES , esos que nos sangran con el precio d La_Luz y ganan millones a_mansalva , muchos no han podido ni pasar la #Nochevieja en sus casas
-1.0;1;0;@hugomabarca @Mari_Sol_GH Por_favor , esto ya ha dejado de tener gracia , esta pe√±a te miente en la cara y se quedan tan anchos ! ! ! ! por cierto , seguro q buscamos cinico en una enciclopedia y sale la cara de este se√±or .
-1.0;1;1;@herrerobono El respeto ha de tenerse a las personas , no a s√≠mbolos . Aunque en vuestro partido respet√°is m√°s a los s√≠mbolos que a las personas que desahuci√°is o ten√©is en el Hospital_de_La_Paz_de_Madrid en condiciones indignas . Menos respeto a banderas y m√°s a los ciudadanos , hip√≥crita .
-1.0;1;1;@miqueliceta @elperiodico Para que veas , que no estamos adoctrinados . O quiz√° si que TV3 nos adoctrina a amar el unionismo ? Habra que pensarlo , y si hace falta , denunciarlo .
-1.0;-1;1;@ignacioaguado Y si os quer√©is alejar un poco de Madrid ciudad , recomiendo las croquetas de La_Chimenea en Guadarrama . ¬° Riqu√≠simas !
1.0;1;-1;@montsecandini @Sorayapp Butiflera_de_Merda ! ! Masa por li tenen ‚úä ‚úä ‚úä üëê
-1.0;1;1;@gebelque Quina bona pinta !
-1.0;1;1;@gebelque explica-ho a @LaVanguardia que l'amic M√†rius porta tot el dia fent d'altaveu d'aquests pallassos ...
1.0;1;0;@Rafa_Hernando @BrujulaOndaCero Tambien muy cerca de ti hay burros y chorizos politicos , verdad üòÇ üòÇ üòÇ
1.0;1;1;@MayoralRafa ‚Äú Ante el pueblo ‚Äù ? , por suerte vivimos en un pa√≠s con leyes , tribunales de just√≠cia y separaci√≥n de poderes , eso si todo muy mejorable y lejos_de ardores bolivarianos .
-1.0;1;0;@ignacioaguado Pues que lleven cuidado con el postre si son uvas .
1.0;1;0;@nicadichiara ¬° Qu√© contento estoy ! somos los l√≠deres en Espa√±a en paro , que no decaiga ¬° no podemos ser los segundos ! as√≠ que sigamos con nuestras pol√≠ticas reforcemos nuestra posici√≥n , tenemos que ser l√≠deres ¬° Vamos , hombre ! que nos quieren quitar el primer puesto y no lo vamos a permitir .
-1.0;1;1;@RamonEspinar Los madrile√±os no . todos los administrados los corruptos deben de estar en la c√°rcel y devolver todo lo robado sean de el partido que sean
1.0;1;0;@Clara_Serra_ Muchas_Muchas_Muchas ... ¬ø Alguna soluci√≥n concreta , en_lugar_de tanta medida abstracta ?
1.0;1;1;@AntonioSilvan_ Por_favor , Sr @AntonioSilvan_ coja el libro de primero de primaria y repase las restas . C√≥mo va eso de de reducir en dos a√±os la deuda de 229 a 180M_‚Ç¨ ( 49M_‚Ç¨ de diferencia ) , y decirnos que este a√±o han amortizado y reducido 53M_‚Ç¨ . No mezcle pago de intereses con amortizaciones .
-1.0;-1;1;@ignacioaguado @MGutierrezCs Otra m√°s a la lista , B√°rcenas sobres Rajoy , Gallard√≥n , Gonz√°lez , Urdangar√≠n , granados , peq . nicolas , ( ha desaparecido ) G√ºrtel , N√≥os , etc . etc. ay mas .....
-1.0;1;0;@MailloAntonio @petisojomi Siempre apoyando a la MAFIA . ! ! ! ! LUEGO_NO_QUIEREN_SER_LLAMADOS_FRANQUISTAS_O_FACHAS , O_NAZIS . PERO_SUS_HECHOS_HABLAN_M√ÅS_ALTO ! !
-1.0;1;1;@gabrielrufian Es decir , uno puede hacer las canciones m√°s bonitas y eso no tiene nada que ver con el pensamiento . Vale , ya veo la ensalada que tiene usted en la cabeza .
-1.0;1;0;@RosaliaGonzalo La 9B sigue cerrando a las 00h ... ¬ø D√≥nde est√° la homogenizaci√≥n de horarios ?
-1.0;1;-1;@Noemi_delaCalle Espinar ... va un charlat√°n como muchos y " muchas " . . De PODEMOS
-1.0;1;-1;@EvaGSempere se lo he pedido a los reyes de febrero üòÅ
1.0;1;0;@GFVara @rosadiezglez Esta fijo k como la Loli cospe es capaz de decir k las Hurdes est√°n en andalucia , las dos son rubias ! ! !
1.0;1;-1;@InesArrimadas Hola , primero de todo estas mintiendo ... cuando el se fue a Belgica la justicia no le perseguia , cuando la euroorden el se presento y esta se elimino por parte de el estado espa√±ol . Gracias .
1.0;1;1;@gabrielrufian Estas amenazando a los tabarnianos sinverg√ºenza , no se que pensar√° el colectivo islamico de pensamientos racistas y fascistas
-1.0;-1;1;@gerardgomezf @Esquerra_ERC No , clar que no ho s√≥n . Que no veus que s√≥n ostatges ?
-1.0;1;0;@GirautaOficial @jordi_canyas Hizo bien en dimitir y hace bien en reincorporarse , ahora s√≥lo falta que no haga de bombero pir√≥mano en el Parlament como acostumbraba . La cuota de ese tipo de diputado ya est√° bien cubierta .
-1.0;1;-1;@Noemi_delaCalle @InesArrimadas As√≠ debe de estar de acuerdo tu colega Nart ? Porque despues de las declaraciones que hizo ?
1.0;1;0;@RafaCatalaPolo @Congreso_Es despues de estar unos a√±itos en el cargo sr. ministro se dio_cuenta ahora que lo q queremos son personas competentes en los juzgados y una justicia rapida y efectiva y no juicios en a√±os luz ? madre mia entonces cuando se de cuenta de las cagadas cronicas q han echo lo publican
1.0;-1;1;@davidbonvehi @Pdemocratacat El club de los poetas muertos . Sesi√≥n continua en este local .
1.0;1;1;@GFVara Oye , he visto en prensa en enchufas en cargos publicos a tus colegas . Tienes algo por ahi para mi ? Podriamos ser amigos , si fuese necesario
1.0;1;0;@RafaCatalaPolo Que justicia hay que innovar ? Lo que tiene que haber es justicia . Indigno de llevar ese apellido .
-1.0;1;1;@ignacioaguado Se puede decir m√°s alto , pero no m√°s claro #regeneraci√≥n üëè üèª
1.0;1;1;@raulromeva @ForcadellCarme El ministro de el exterior , como siempre , sin dar ni una .... Joder con la '' tolerancia '' de la Carme '' .
1.0;1;0;@susanadiaz @FAD_es Tranquila , si la pasta para todo te llega siempre en ayudas desde Madrid . A seguir viviendo de la Sopa_Boba .
1.0;-1;1;@amonterosoler @Irene_Montero_ Una muestra m√°s de la falta de verg√ºenza de los pudimos todav√≠a critican y se significan como plagiados , q no es verdad , despu√©s_de haber propiciado q rajoy siga , ya les falta poco para hacer historia van a durar menos q upyd tic tac tic tac tic tac x algo quieren cambiar nombre
-1.0;1;-1;@ALevySoler En una situaci√≥n extraordinaria como esta , solo cabe la generosidad . A veces , para construir sociedad , hay que dejar a un lado las propias siglas
1.0;1;-1;@RitaBosaho @Paula83706774 Cuando pasen otros cuatro no tienen ni representaci√≥n a el tiempo
1.0;1;1;@GFVara Bueno_Sr_Vara , que propone entonces ? , meter a todos los hombres en la carcel ? , y las mujeres que matan a los hombres las matan por ser hombres ? , o no hay ningun asesinato de esa indole ?
1.0;-1;-1;@Eva_Granados @Eva_Granados : le dice la sart√©n a el cazo , verdad ? A ver qu√© d√≠a empiezan a salir a La_Luz vuestros GALimatias . #Suerte
-1.0;1;0;@sergiosayas Esto , si me gusta y opino como t√∫
-1.0;1;-1;@MCsanchezCs No le deis consejos a el PP porque a lo peor los siguen y perd√©is votantes .
1.0;1;0;@gabrielrufian Eso tambi√©n se arregla con 200_gramos de independencia y 125_gramos de iron√≠a barata . Y poniendo cara de ni√±o malo incomprendido
-1.0;1;-1;@Noemi_delaCalle @InesArrimadas Pedazo de presidenta que teneis hay de un Sevillano
1.0;-1;-1;@MEspinosa_ @ccifuentes La_Barbie_PP mentirosa como todos los corruptos üò° üò° üò°
1.0;1;1;@GirautaOficial Tan normal c√≥mo lo marcan las leyes que tanto os gustan ...
-1.0;-1;-1;@ana_schez @20m Listas espera , llamadas media hora antes d cita y en varias ocasiones , para decirte q no te van a atender porque tienen mucha gente . Personal sobrecargado y si protestas , porque has pedido d√≠a , te acusan d falta d respeto . Conciertos con privadas . Puestos a dedo a familiares
-1.0;1;0;@nicadichiara @susanadiaz Una reflexi√≥n : qui√©n le paga los sueldos a los trabajadores p√∫blicos ? Los trabajadores de las empresas privadas , aut√≥nomos etc ... qui√©n tiene MEJORES_CONDICIONES_LABORALES ? ?
-1.0;1;-1;@ccifuentes @ElCascabelTRECE Mejor que en casa . No & amp ; Do
1.0;1;1;@CivitiMarti @parlament_cat M√©s lluny de la mesa , no se't veur√† tant quan dormis o juguis a el candy crush
1.0;1;-1;@PatriciaReyesCs @Albert_Rivera Scrificaremos a los ciudadanos .
1.0;1;1;@oriolamat @jordigoula Y una mierda ! ! La econom√≠a est√° bajo m√≠nimos , te lo dice un aut√≥nomo , no enga√±√©is a la gente ,
-1.0;-1;0;@RevillaMiguelA Jajajaja , Spain is different . . ü§£ ü§£ ü§£ ü§£ ü§£ ü§£ üòÄ üòÄ üòÄ
1.0;1;0;@noepmp @Pablo_Iglesias_ Es necesario que hables con el mismo " tonito " que Iglesias ? . Solo te falta el bol√≠grafo en la mano !
1.0;-1;0;@Marta_Sibina @gabrielrufian Vaya orterada ! ! ! !
1.0;1;0;@RitaBosaho @Paula83706774 Cuando pasen otros cuatro no tienen ni representaci√≥n a el tiempo
1.0;1;0;@EquipoClavijo √âl m√°s pendiente de la foto que de la ni√±a
1.0;1;1;@IMendezdeVigo Vuestro unico trabajo es saquear y mentir https://t.co/mCkhGl6Ku5
1.0;1;0;@Marta_Sibina @gabrielrufian Asi me gusta , luchando por la espina bifida
1.0;1;1;@javizqui @sanchezcastejon Este peri√≥dico cada d√≠a se parece m√°s a el ABC . LAMENTABLE .
-1.0;1;-1;@ekrica eso sera para asesorarlos para que cuando maltraten no dejen marcas , votar PP es votar machismo
